user_id,name,city,signup_date
1,Neel Ratti,Gandhidham,2023-11-05
2,Yagnesh Guha,Pallavaram,2024-12-28
3,Libni Chana,Sultan Pur Majra,2024-03-31
4,Libni Palla,Motihari,2025-09-09
5,Praneel Rajagopalan,Kishanganj,2024-11-21
6,Alka Basu,Katni,2026-01-29
7,Ekaraj Zachariah,Vijayanagaram,2024-11-16
8,Ira Dube,Tiruvottiyur,2025-06-30
9,Hemani Saxena,Allahabad,2024-12-11
10,Yauvani Mohan,Saharsa,2025-06-19
11,Harrison Rout,Bangalore,2025-05-03
12,Nathaniel Badami,Bangalore,2026-01-26
13,Shivansh Pradhan,Aligarh,2026-04-23
14,Yash Varghese,Amaravati,2024-10-24
15,Mitali Mangal,Agartala,2026-07-18
16,Chatresh Doctor,Tadipatri,2025-12-23
17,Patrick Chaudhary,Bulandshahr,2025-05-24
18,Forum Subramanian,Dhule,2024-07-16
19,Qarin Ben,Srinagar,2026-06-24
20,Osha Pall,Nandyal,2025-09-02
21,Advika Mander,Jodhpur,2025-04-13
22,Harshil Sawhney,Jamnagar,2024-04-08
23,Alexander Dugal,Jorhat,2025-09-28
24,Jackson Thaker,Parbhani,2024-08-13
25,Frado Lad,Agra,2024-07-17
26,Balendra Iyengar,Thiruvananthapuram,2024-07-26
27,Ishwar Bala,Kakinada,2024-01-28
28,Sanaya Narain,Sasaram,2025-09-11
29,Ronith Majumdar,Bilaspur,2024-08-03
30,Anjali Wadhwa,Srinagar,2026-06-22
31,Sudiksha Seshadri,Gudivada,2025-05-05
32,Dalbir Pillai,Pondicherry,2025-01-18
33,Manan Dubey,Berhampore,2023-10-31
34,Ekapad Bobal,Shahjahanpur,2024-01-02
35,Upma Bali,Amravati,2026-03-25
36,Yochana Saxena,Ballia,2023-12-03
37,Wriddhish Viswanathan,Hazaribagh,2023-10-21
38,Vaishnavi Butala,Dindigul,2024-07-15
39,Samar Tiwari,Mau,2026-06-27
40,Faris Chauhan,Surendranagar Dudhrej,2025-04-27
41,Pranav Rege,Secunderabad,2024-12-26
42,Turvi Choudhry,Panvel,2026-03-30
43,Zaid Lalla,Bidar,2025-03-21
44,Lipika Peri,Durg,2023-09-23
45,Keya Datta,Anand,2025-04-16
46,Amrita Sankaran,Jamalpur,2026-01-07
47,Lakshmi Narain,Loni,2024-02-14
48,Eesha Sengupta,Morbi,2024-01-20
49,Samesh Chauhan,Pali,2025-05-05
50,Hardik Verma,New Delhi,2025-08-22
51,Max Garde,Bidar,2025-11-02
52,Samar Bassi,Hosur,2026-05-26
53,Vasudha Agate,Panvel,2024-08-28
54,Mahika Khurana,Raiganj,2026-02-13
55,Ryan Bhatnagar,Panvel,2024-10-11
56,Isha Salvi,Rajkot,2026-06-13
57,Sai Singhal,Raipur,2024-06-04
58,Bhavini Barman,Jabalpur,2025-10-12
59,Sanya Garg,Kochi,2025-08-08
60,Arya Bakshi,Gorakhpur,2025-02-25
61,Meera Raju,Kharagpur,2023-08-28
62,Jairaj Sandal,Haldia,2023-09-27
63,Ishwar Iyer,Sultan Pur Majra,2026-06-08
64,Lekha Mall,Coimbatore,2023-08-20
65,Bhanumati Zacharia,Muzaffarpur,2025-10-04
66,Bhavna Soni,Chandrapur,2025-09-19
67,Madhav Soni,Anantapuram,2025-09-22
68,Krisha Bose,Sikar,2025-05-15
69,Kritika Ranganathan,Satna,2025-11-10
70,Charvi Choudhury,Chandigarh,2024-10-12
71,Urishilla Dara,Eluru,2024-08-07
72,Yamini Sane,Arrah,2025-04-12
73,Januja Murty,Firozabad,2025-12-03
74,Gaurangi Bera,Ahmednagar,2026-02-14
75,Wyatt Kalla,Amroha,2025-06-10
76,Leena Jha,Patiala,2025-04-07
77,Nikita Nayak,Sasaram,2025-10-16
78,Edhitha Desai,Shimla,2025-02-14
79,Manthan Memon,Panipat,2026-02-19
80,Isaiah Iyengar,Barasat,2025-06-20
81,Atharv Chander,Tinsukia,2025-01-06
82,Michael Deep,Hosur,2026-04-05
83,Fiyaz Solanki,Kolhapur,2024-12-04
84,Ridhi Muni,Bhiwandi,2023-10-23
85,Sathvik Pillay,Kozhikode,2024-12-05
86,Keya Chanda,Patna,2024-11-08
87,Vrishti Garg,Gangtok,2023-11-25
88,Ekansh Arya,Nanded,2024-10-27
89,Eshana Ahluwalia,Gandhidham,2025-07-20
90,Sudiksha Saran,Warangal,2024-04-20
91,Girish Lala,Varanasi,2024-11-23
92,Bhavya Mohanty,Thoothukudi,2026-02-02
93,Idika Oommen,Avadi,2026-04-23
94,Samarth Upadhyay,Mysore,2024-02-20
95,Nisha Maharaj,Mehsana,2023-12-02
96,Peter Sane,Khammam,2024-04-03
97,Anirudh Dalal,Kadapa,2024-01-20
98,Kavya Sidhu,Kota,2025-07-24
99,Devika Venkataraman,Thoothukudi,2026-02-02
100,Baljiwan Sibal,Arrah,2025-09-28
101,Abhimanyu Bahri,Khora ,2026-04-07
102,Bhavani Nori,Hyderabad,2023-10-15
103,Lipika Wason,Sasaram,2024-09-11
104,Ishita Ganesan,Mahbubnagar,2025-07-25
105,Michael Deol,Akola,2024-01-08
106,Edhitha Bhandari,Tezpur,2024-08-03
107,Bhavya Sethi,Jaunpur,2026-06-08
108,Chakradhar Subramanian,Sambhal,2026-07-03
109,Hemangini Jayaraman,Sikar,2024-08-06
110,Advaith Dhingra,Raiganj,2024-02-14
111,Warda Toor,Gorakhpur,2023-09-20
112,Xiti Sahota,Khora ,2024-12-24
113,Nisha Srivastava,Panipat,2024-09-29
114,Lajita Agrawal,Jamshedpur,2026-04-12
115,Frederick Bora,Gurgaon,2025-05-14
116,Ikshita Buch,Varanasi,2024-01-26
117,Priya Yadav,Motihari,2025-02-20
118,Nikita Kala,Bhopal,2023-08-15
119,Reyansh Rastogi,Proddatur,2026-03-05
120,Varenya Sidhu,Alappuzha,2024-05-07
121,Kala Ganesh,Sambhal,2025-05-12
122,Omaja Tank,Deoghar,2026-04-13
123,Wriddhish Sur,Raiganj,2026-05-10
124,Eshana Sachdev,Kumbakonam,2026-06-25
125,Yochana Ganesh,Nangloi Jat,2025-10-31
126,Yagnesh Deshpande,Bhatpara,2024-04-11
127,Qushi Keer,Jamnagar,2024-02-02
128,Azaan Garg,Rajkot,2026-07-29
129,Hemang Gola,Thanjavur,2026-05-05
130,Gayathri Saraf,Chandigarh,2024-12-23
131,Upasna Modi,Ozhukarai,2026-01-13
132,Laban Char,Bhind,2024-07-26
133,Zansi Ravi,Udaipur,2023-12-08
134,Aarav Sachdev,Ballia,2026-05-18
135,Kashvi Kota,Nagercoil,2024-01-19
136,Fitan Lal,Katihar,2024-03-25
137,Jack Mallick,Ozhukarai,2025-12-12
138,Laban Sur,Jabalpur,2026-05-27
139,Udant Sane,Karaikudi,2024-09-08
140,Rajata Sanghvi,Dharmavaram,2024-09-09
141,Suhani Amble,Chittoor,2026-06-11
142,Nidra Shere,Erode,2026-06-27
143,Jasmit Sahni,Mehsana,2024-03-06
144,Adya Bedi,Erode,2024-04-23
145,Upma Comar,Agartala,2026-01-11
146,Siya Thaman,Jalandhar,2026-02-22
147,Luke Talwar,Ichalkaranji,2024-07-07
148,Niharika Mittal,Nellore,2025-07-25
149,Pooja Natt,Bhind,2025-07-18
150,Siya Mukhopadhyay,Dindigul,2024-03-10
151,Amruta Edwin,Bidar,2024-07-03
152,Ishwar Garde,New Delhi,2025-07-23
153,Balendra Mannan,Kishanganj,2024-07-25
154,Nidra Nanda,Srinagar,2024-09-14
155,Nachiket Buch,Uluberia,2026-06-09
156,Omisha Loke,Ambala,2024-10-21
157,Hamsini Bhargava,Gangtok,2025-03-22
158,Ryan Sarma,Nagercoil,2025-04-22
159,Om Thaman,Mumbai,2024-07-25
160,Nirja Maharaj,Barasat,2024-10-22
161,Anamika Palla,Kharagpur,2025-09-28
162,Siya Ben,Nadiad,2023-09-17
163,Robert Basak,Thiruvananthapuram,2024-09-11
164,Jeevika Kar,Gandhidham,2026-04-10
165,Raagini Ramachandran,Tadipatri,2024-01-15
166,Dayita Zachariah,Jamshedpur,2024-08-09
167,Yatin Agate,Danapur,2023-12-04
168,Ishani Sarma,Ajmer,2024-10-16
169,Kashish Bhalla,Mango,2023-10-21
170,Raagini Nadig,Rourkela,2023-09-26
171,Vedika Vaidya,Durgapur,2023-10-12
172,Ojasvi Luthra,Chandrapur,2024-10-30
173,Dayita Bhavsar,Motihari,2023-12-18
174,Vinaya Borra,Sri Ganganagar,2025-12-15
175,Pahal Zachariah,Patiala,2023-08-10
176,Ucchal Mander,Jamnagar,2026-02-04
177,Lohit Basu,Gudivada,2025-04-07
178,Luke Chadha,Bangalore,2024-12-10
179,Yashasvi Sibal,Tirupati,2023-10-01
180,Aayush Ahuja,Ambarnath,2024-10-19
181,Jasmit Sehgal,Tumkur,2025-11-19
182,Bhavini Pradhan,Thoothukudi,2025-11-24
183,Udant Swamy,Dewas,2024-07-25
184,Timothy Nadig,Chapra,2025-11-03
185,Hemal Bala,Mango,2025-04-29
186,Pooja Sahni,Avadi,2025-10-19
187,Rudra Bava,Bahraich,2024-07-30
188,Mugdha Parmer,Phagwara,2023-12-06
189,Nicholas Balay,Gurgaon,2024-10-07
190,Tanay Chander,Mirzapur,2026-05-22
191,Ubika Kumer,Korba,2025-10-18
192,Lohit Sur,Mahbubnagar,2023-12-27
193,Yamini Shroff,Aligarh,2025-10-07
194,Omisha Shroff,Gwalior,2025-10-30
195,Upkaar Halder,Miryalaguda,2025-01-04
196,Ranveer Dewan,Bhind,2026-01-25
197,Kala Kala,Ujjain,2023-12-27
198,Banjeet Konda,Guwahati,2024-06-24
199,Ganga Hegde,Sri Ganganagar,2023-09-29
200,Barkha Nadig,Ramagundam,2024-12-09
201,Reva Ray,Salem,2024-12-28
202,Orinder Kota,Gwalior,2026-07-18
203,Vrishti Lala,Uluberia,2025-03-03
204,Shivani Doshi,Ajmer,2026-02-12
205,Xavier Panchal,Sri Ganganagar,2025-08-21
206,Tejas Rattan,Rohtak,2023-12-10
207,Rushil Kakar,Nagpur,2025-04-25
208,Tanveer Bhattacharyya,Anand,2025-02-05
209,Ishani Sethi,Patna,2024-06-14
210,Yashodhara Choudhary,Bhavnagar,2026-01-30
211,Megha Ram,Anand,2023-12-20
212,Zayan Palan,Ujjain,2023-10-01
213,Zayyan Mitter,Bidar,2024-10-08
214,Oeshi Mahajan,Karaikudi,2026-03-16
215,Zayyan Sundaram,Gopalpur,2023-10-10
216,Anirudh Yohannan,Rampur,2025-12-16
217,Pooja Salvi,Danapur,2023-10-09
218,Kashish Choudhry,Danapur,2024-02-13
219,Zayan Jain,Aligarh,2024-04-16
220,Kamya Mutti,Belgaum,2025-06-25
221,Turvi Tailor,Pune,2026-03-26
222,Viraj Iyer,Yamunanagar,2026-03-28
223,Yagnesh Dugar,Bathinda,2023-10-12
224,Aishani Lanka,Ambattur,2024-12-11
225,Charvi Krishna,Kozhikode,2025-07-20
226,Adya Pandit,South Dumdum,2025-01-31
227,Samaksh Prakash,Kishanganj,2023-08-30
228,Ladli Bava,Yamunanagar,2025-01-20
229,Eta Kapoor,Kolkata,2023-08-12
230,Ekaja Modi,Muzaffarpur,2025-10-23
231,Laban Halder,Madanapalle,2025-06-02
232,Prisha Narasimhan,Unnao,2024-07-13
233,Bakhshi Aurora,Narasaraopet,2025-12-06
234,Lipika Puri,Aizawl,2024-02-15
235,Vrinda Goswami,Thiruvananthapuram,2024-05-11
236,Mohammed Sura,Orai,2025-07-18
237,Xiti Lal,Chapra,2024-08-15
238,Yachana Hans,Chittoor,2026-01-05
239,Lekha Bakshi,Nangloi Jat,2024-07-06
240,Xavier Deshmukh,Varanasi,2025-02-06
241,Om Ramachandran,Shahjahanpur,2024-07-25
242,Sarthak Thakur,Tezpur,2026-01-07
243,Harish Chaudhary,Ramgarh,2026-03-13
244,Odika Mannan,Ichalkaranji,2026-05-24
245,Abha Bhatia,Pali,2025-10-05
246,Aarnav Deshpande,Kirari Suleman Nagar,2024-08-12
247,Tanveer Sem,Avadi,2026-04-09
248,Osha Das,South Dumdum,2025-12-03
249,Ekansh Chad,Thanjavur,2024-08-29
250,Leela Sunder,Sonipat,2025-06-22
251,Ishwar Dhar,Naihati,2024-02-27
252,Nikita Chaudhari,Mahbubnagar,2025-02-23
253,Dominic Karan,Miryalaguda,2025-12-11
254,Daksh Lal,Guntakal,2024-04-22
255,Benjamin Mandal,Chinsurah,2024-02-04
256,Zayan Anand,Ujjain,2025-05-20
257,Azaan Keer,Rampur,2023-08-17
258,Amaira Deshmukh,Madanapalle,2025-02-21
259,Ayush Ravel,Hyderabad,2025-03-27
260,Damyanti Bansal,Coimbatore,2025-05-04
261,Chaitaly Bhasin,Mahbubnagar,2025-04-24
262,Unnati Borde,Panchkula,2026-03-14
263,Ansh Verma,Bardhaman,2024-12-08
264,Radha Pandit,Tirunelveli,2025-11-12
265,Laksh Keer,Orai,2024-11-03
266,Advaith Lal,Bardhaman,2023-08-27
267,Balveer Chandra,Tezpur,2024-07-30
268,Abdul Chandra,Pali,2025-11-27
269,Edhitha Mistry,Muzaffarnagar,2024-08-24
270,Madhav Luthra,Durg,2024-12-15
271,Gayathri Bahri,Pondicherry,2024-09-06
272,Dhriti Kara,Anantapuram,2025-04-19
273,Brinda Reddy,Kolhapur,2024-01-23
274,Sanya Pathak,Avadi,2024-11-21
275,Ati Misra,Motihari,2024-01-19
276,Qadim Basu,Tiruvottiyur,2024-03-02
277,Rudra Tandon,Dehri,2024-03-14
278,Dalaja Mukhopadhyay,Dharmavaram,2025-11-06
279,Owen Gandhi,Haldia,2024-05-17
280,Caleb Anand,Phusro,2024-07-25
281,Wyatt Mistry,Dhule,2024-02-14
282,Ekantika Sethi,Ranchi,2025-07-07
283,Qushi Nagarajan,Secunderabad,2025-10-06
284,Parth Khare,Saharsa,2025-07-24
285,Bhavani Viswanathan,Sultan Pur Majra,2024-02-04
286,Ishani Saxena,Firozabad,2026-01-11
287,Urvashi Narula,Uluberia,2025-07-18
288,Devika Jayaraman,Katni,2026-05-02
289,Jai Hans,Lucknow,2025-01-31
290,Odika Bhat,Buxar,2024-02-01
291,Qarin Chhabra,Thanjavur,2025-06-30
292,Udant Deep,Dindigul,2024-09-24
293,Yatin Reddy,Jehanabad,2024-04-26
294,William Apte,Medininagar,2025-01-09
295,Anay Choudhry,Bangalore,2024-08-01
296,Faraj Trivedi,Nagpur,2025-08-02
297,Amara Natarajan,Alwar,2023-09-02
298,Ucchal Bahri,Baranagar,2024-10-30
299,Amaira Apte,Rajahmundry,2025-12-11
300,Ethan Kalla,Katihar,2026-03-15
301,Upma Tata,Hospet,2026-03-30
302,Ekalinga Kumar,Pudukkottai,2023-08-30
303,Teerth Gole,Phagwara,2025-01-15
304,Onveer Rajagopalan,Jodhpur,2025-05-19
305,Anika Lalla,Moradabad,2026-06-03
306,Jalsa Dar,Tiruppur,2026-07-10
307,Chatresh Sama,Hospet,2026-05-22
308,Triveni Verma,Malda,2025-06-07
309,Rachit Thakkar,Vijayawada,2026-04-01
310,Sanya Mane,Tadipatri,2024-11-19
311,Pooja Dutt,Kharagpur,2025-05-31
312,Bakhshi Kala,Berhampore,2024-11-18
313,Anika Dara,South Dumdum,2023-08-15
314,Finn Rajagopal,Hyderabad,2023-12-17
315,Abhimanyu Jani,Bulandshahr,2025-06-12
316,Alka Modi,Guntakal,2024-02-28
317,Yadavi Bahl,New Delhi,2024-09-23
318,Onveer Sandhu,Akola,2024-07-01
319,Sudiksha Bhatt,Motihari,2025-12-10
320,Adweta Kade,Ramgarh,2024-04-07
321,Bahadurjit Srivastava,Chapra,2024-06-02
322,Pallavi Borah,Khandwa,2023-10-04
323,Hardik Bal,Sambalpur,2024-05-24
324,Anmol Boase,Mahbubnagar,2025-09-15
325,Dalbir Raj,Saharanpur,2024-12-12
326,Azad Sarma,Kozhikode,2023-10-15
327,Hemal Som,Kurnool,2024-10-22
328,Nidhi Bhavsar,Jodhpur,2024-06-22
329,Shravya Borah,Bhiwani,2023-09-05
330,Osha Sehgal,Varanasi,2025-08-13
331,Anvi Kari,Kakinada,2025-01-16
332,Omaja Butala,Bhusawal,2026-07-20
333,Anita Khalsa,Jhansi,2024-06-15
334,Harrison Gupta,Bulandshahr,2026-03-28
335,Pranav Madan,Latur,2024-05-14
336,Januja Boase,Saharanpur,2025-01-17
337,Neel Dora,Dhule,2024-12-05
338,Ekanta Memon,Gudivada,2026-04-21
339,Rohan Deshmukh,Cuttack,2026-06-04
340,Eiravati Sachdeva,Solapur,2025-02-13
341,Vedika Lata,Kamarhati,2025-09-04
342,Yahvi Vora,Kolkata,2023-12-17
343,Jagrati Bora,Jabalpur,2025-07-19
344,Zayyan Manne,Kadapa,2023-08-21
345,Mitesh Ganguly,Amroha,2025-03-27
346,Madhavi Bobal,Ramgarh,2025-11-22
347,Kiaan Narang,Belgaum,2025-05-09
348,Aayush Bajaj,Medininagar,2024-04-17
349,Chaitanya Keer,Ludhiana,2025-03-16
350,Damini Dash,Bhilwara,2023-11-27
351,Nisha Bala,Nandyal,2025-02-21
352,Ubika Varughese,Haridwar,2025-03-30
353,Joshua Tara,Bettiah,2023-11-15
354,Chaitanya Sidhu,Munger,2025-05-06
355,Aayush Mittal,Tumkur,2025-01-14
356,Harinakshi Om,Udupi,2025-10-22
357,Neha Lall,Surat,2025-02-08
358,Sai Ray,Vadodara,2026-03-07
359,Rudra Grover,Shivpuri,2024-07-16
360,Jeremiah Prashad,Bhiwandi,2025-02-07
361,Yuvraj Varkey,Miryalaguda,2024-01-03
362,Hredhaan Ramachandran,Bhiwandi,2025-02-03
363,Chaaya Brar,Kumbakonam,2024-12-29
364,Mugdha Barman,Mysore,2024-08-18
365,Ekaraj Sarkar,Tiruchirappalli,2025-10-21
366,Oeshi Tiwari,Chinsurah,2024-10-23
367,Sara Dara,Unnao,2024-02-05
368,Manan Lata,Gorakhpur,2024-05-04
369,Saanvi Raj,Kozhikode,2025-11-14
370,Bachittar Bose,Bathinda,2024-12-14
371,Wazir Konda,Agartala,2025-07-28
372,Nicholas Vala,Srikakulam,2025-12-30
373,Shivansh Sarna,Raichur,2024-06-30
374,Ranbir Savant,Sultan Pur Majra,2026-04-21
375,Arya Pandit,Munger,2024-01-31
376,Jacob Jayaraman,Guwahati,2024-10-23
377,Vedika Nath,Hyderabad,2026-01-19
378,Yahvi Rau,Erode,2023-10-30
379,Balveer Khosla,Gandhinagar,2025-10-12
380,Kamala Narayanan,Nagaon,2023-09-10
381,Neel Modi,Pallavaram,2024-07-28
382,Maanas Butala,Bongaigaon,2023-10-03
383,Anjali Sekhon,Deoghar,2024-01-04
384,Omisha Butala,Amravati,2026-02-25
385,Ikshita Minhas,Belgaum,2023-12-03
386,Faraj Batra,Malda,2024-03-29
387,Wridesh Kurian,Ghaziabad,2023-12-16
388,Jackson Dubey,Visakhapatnam,2025-12-31
389,Vinaya Lal,Amroha,2025-12-20
390,Suhani Bora,Bhatpara,2025-02-08
391,Nachiket More,Satna,2026-04-28
392,Mohini Rama,Mathura,2023-12-23
393,Sarthak Warrior,Salem,2025-09-10
394,Yauvani Som,Kishanganj,2023-11-23
395,Vanya Pall,Alappuzha,2024-05-02
396,Tanay Vyas,Korba,2023-09-21
397,Vansha Kaur,Rohtak,2024-07-14
398,Jairaj Zacharia,Suryapet,2023-12-28
399,Unni Murthy,Khora ,2025-01-28
400,Jackson Baral,Mumbai,2024-08-30
401,Rohan Mistry,Pondicherry,2024-12-21
402,Krishna Warrior,Khandwa,2024-11-22
403,Sai Narain,Sasaram,2024-10-31
404,Vidhi Lata,Bardhaman,2024-06-27
405,Warda Mukhopadhyay,Bahraich,2025-09-26
406,Rachana Bala,Ghaziabad,2024-05-22
407,Michael Date,Singrauli,2025-02-04
408,Mekhala Rajagopal,Shivpuri,2024-08-28
409,Sachi Sant,Anantapuram,2024-01-22
410,Anika Swaminathan,Sasaram,2025-01-12
411,Bhanumati Kari,Bhiwandi,2025-01-05
412,Gaurika Bhattacharyya,Bhubaneswar,2026-08-01
413,Qarin Oak,Raiganj,2025-02-12
414,Tamanna Raj,Salem,2025-11-29
415,Leela Sachdev,Mira-Bhayandar,2024-03-30
416,Lucky Nori,Allahabad,2024-02-01
417,Keya Mishra,Giridih,2025-01-15
418,Diya Sarraf,Raebareli,2023-12-05
419,Vinaya Sahni,Erode,2025-01-30
420,Lajita Venkataraman,Chandigarh,2025-12-12
421,Raksha Sarraf,Rewa,2024-12-09
422,Hiral Srinivasan,Panihati,2026-03-02
423,Ekapad Kalita,Surat,2023-09-04
424,Aashi Raju,Coimbatore,2025-12-10
425,Gaurav Patla,Bhagalpur,2026-06-17
426,Jhalak Kadakia,Sambalpur,2023-11-30
427,Triya Mand,Miryalaguda,2026-01-09
428,Janya Seth,Shimla,2026-07-08
429,Ishwar Krishnamurthy,Tinsukia,2025-07-12
430,Sarthak Koshy,Tinsukia,2026-03-26
431,Ryan Ganesh,Bangalore,2025-05-14
432,Lekha Ramaswamy,Miryalaguda,2024-05-23
433,Vaishnavi Chacko,Ahmednagar,2024-05-25
434,Kalpit Pillay,Sagar,2025-11-04
435,Gaurika Datta,Anantapuram,2024-12-22
436,Gavin Ahluwalia,Kamarhati,2025-07-20
437,Yuvraj Dara,Muzaffarnagar,2024-08-09
438,Jagrati Acharya,Tezpur,2026-06-27
439,Vasatika Wason,Ongole,2024-07-29
440,Nidra Rajagopal,Orai,2023-12-08
441,Veer Chandran,Jamnagar,2024-06-20
442,Anthony Chaudhary,Madanapalle,2024-12-12
443,Dakshesh Ray,Kanpur,2024-02-29
444,Yuvraj Wason,Gulbarga,2025-10-12
445,Aryan Naidu,Chapra,2026-06-22
446,Rachana Mane,Madurai,2025-06-28
447,Jack Sunder,Raebareli,2025-01-14
448,Varsha Pal,Akola,2025-09-27
449,Oscar Bera,Kavali,2025-09-21
450,Triya Madan,Kishanganj,2025-03-31
451,Chandresh Gill,Chinsurah,2024-08-18
452,Yamini Dora,Ozhukarai,2024-02-26
453,Michael Mann,Bellary,2026-06-14
454,Arya Chaudry,Gangtok,2026-07-13
455,Pranit Sinha,Rewa,2024-02-14
456,Rehaan Choudhry,Thiruvananthapuram,2025-01-05
457,Vamakshi Vasa,Mumbai,2026-06-15
458,Caleb Pingle,Uluberia,2024-07-04
459,Shivani Pal,Kalyan-Dombivli,2025-09-03
460,Darsh Solanki,Tiruvottiyur,2025-11-08
461,Pooja Nanda,Sultan Pur Majra,2026-01-19
462,Mugdha Ahluwalia,Guna,2023-12-10
463,Thomas Garg,Tenali,2023-10-22
464,Hardik Chakraborty,Khandwa,2024-07-11
465,Sneha Bahri,Amritsar,2024-04-24
466,Vasana Ramaswamy,Gangtok,2023-11-02
467,Urvashi Mangal,Nellore,2024-01-20
468,Sneha Rege,Jaunpur,2026-02-22
469,Zinal Sidhu,Satna,2025-11-28
470,Ucchal Gade,Kavali,2025-03-22
471,Lavanya Grover,Kanpur,2025-06-02
472,Chasmum Gade,Kanpur,2023-09-12
473,Zilmil Grover,Sasaram,2025-04-02
474,Abhiram Lad,Hosur,2024-11-02
475,Anthony Sundaram,Bahraich,2024-01-25
476,Chandran Puri,Meerut,2025-06-03
477,Manthan Gala,Maheshtala,2026-08-03
478,Vedant Anne,Bidar,2025-04-25
479,Lohit Manne,Jalgaon,2026-01-29
480,Matthew Atwal,Guwahati,2025-06-21
481,Reyansh Shenoy,Guntakal,2024-06-08
482,Yuvraj Dhillon,Dhule,2026-02-02
483,Ishaan Pillai,Ahmednagar,2024-05-02
484,Samuel Jani,Nagpur,2026-04-30
485,Reyansh Samra,Hubli–Dharwad,2024-07-11
486,Oeshi Aurora,Deoghar,2024-03-17
487,Jagat Mistry,Chandrapur,2023-11-28
488,Vyanjana Contractor,Kanpur,2023-08-12
489,Kashish Rau,Visakhapatnam,2024-03-08
490,Ijaya Varghese,New Delhi,2024-12-18
491,Aadi Hegde,Alappuzha,2024-09-04
492,Vaishnavi Jhaveri,Kirari Suleman Nagar,2023-11-30
493,Saanvi Prakash,Udupi,2024-12-11
494,Ubika Bhargava,Naihati,2024-12-07
495,Kiaan Ganesan,Loni,2026-05-15
496,Manya Muni,Rewa,2023-10-29
497,Quincy More,Lucknow,2026-01-16
498,Jack Kaul,Ghaziabad,2025-08-22
499,Pranit Walia,Kollam,2025-05-09
500,Adweta Bhalla,Ludhiana,2024-03-29
501,Inaya Sahni,Kochi,2026-04-07
502,Baljiwan Butala,Yamunanagar,2025-09-22
503,Pooja Pandey,Ongole,2024-03-09
504,Fiyaz Batra,Bangalore,2025-05-02
505,Reyansh Nagar,Durgapur,2026-03-07
506,Faqid Chaudhari,Madanapalle,2025-05-18
507,Yashodhara Mutti,Dewas,2024-06-25
508,Teerth Aurora,Bareilly,2024-05-16
509,Madhav Krishnamurthy,Erode,2026-05-01
510,Viraj Anne,Kishanganj,2024-05-12
511,Wyatt Varghese,Davanagere,2025-05-21
512,Rajata Tailor,South Dumdum,2024-08-24
513,Balendra Issac,Nagpur,2024-02-01
514,David Baral,Naihati,2025-09-02
515,Yatan Sinha,Khammam,2024-08-28
516,Faqid Halder,Srinagar,2026-05-22
517,Manbir Nadig,Dindigul,2024-04-18
518,Oviya Chada,Junagadh,2025-08-13
519,Raksha Iyer,Guntur,2025-01-16
520,Zinal Dhillon,Malda,2025-02-28
521,Jack Chada,Proddatur,2026-03-21
522,Devika Ahluwalia,Danapur,2024-12-21
523,Arjun Prashad,Aligarh,2026-01-12
524,Mitali Sant,Alwar,2024-03-12
525,Balveer Chaudhry,Dewas,2023-08-27
526,Panini Dhingra,Purnia,2025-12-03
527,Praneel Cheema,Ranchi,2025-12-02
528,Robert Bala,Ongole,2024-11-07
529,Leela Mani,Shahjahanpur,2024-05-24
530,Qasim Reddy,Bhatpara,2025-10-14
531,Advay Bhasin,Jalandhar,2023-11-09
532,Ucchal Tandon,Hospet,2025-04-08
533,Samuel Dugal,Purnia,2024-03-04
534,Faras Chatterjee,Thoothukudi,2024-06-17
535,Neha Chatterjee,Kumbakonam,2025-09-26
536,Ikshita Baria,Salem,2024-10-19
537,Yash Dhillon,Hajipur,2024-11-20
538,Barkha Hayer,Gurgaon,2026-05-22
539,Tristan Sane,Adoni,2025-03-29
540,Alka Munshi,Gulbarga,2025-04-02
541,Indira Subramanian,Kota,2025-04-26
542,Wahab Gole,Nandyal,2026-01-20
543,Adya Cheema,Kolhapur,2023-12-19
544,Janya Handa,Sambhal,2026-02-12
545,Zayyan Khalsa,Ghaziabad,2026-03-13
546,Vincent Kaul,Sagar,2025-10-24
547,Zayyan Patla,Kamarhati,2024-04-24
548,Hiral Bhat,Kanpur,2025-08-09
549,Lajita Ramesh,Morena,2025-07-10
550,Charan Goyal,Tiruchirappalli,2025-02-27
551,Damyanti Swamy,Kottayam,2024-07-21
552,Owen Sethi,Mumbai,2026-01-18
553,Harshil Dasgupta,Noida,2024-07-18
554,Reva Modi,Eluru,2024-05-06
555,Bakhshi Mani,Sonipat,2025-06-04
556,Dipta Wason,Nagaon,2024-10-16
557,Vedant Ray,Guna,2023-08-29
558,Harish Raj,Guntur,2024-07-03
559,Yasti Sami,Machilipatnam,2025-03-04
560,Veda Savant,Tezpur,2025-09-16
561,Dalbir Thakur,Mango,2025-06-15
562,Harish Chokshi,Bhind,2025-05-06
563,Onveer Nanda,Amroha,2025-06-15
564,Yadavi Peri,Danapur,2024-07-02
565,Agastya Madan,Bhopal,2023-11-22
566,Anamika Radhakrishnan,Ghaziabad,2025-07-22
567,Orinder Bandi,Mirzapur,2025-04-11
568,Noah Bahri,Bihar Sharif,2025-06-15
569,Kamala Mitter,Kavali,2023-11-22
570,Sai D’Alia,Kadapa,2024-07-21
571,Chavvi Ghose,Erode,2024-11-24
572,Bachittar Krishnamurthy,Bhind,2023-12-23
573,Saanvi Balakrishnan,Khandwa,2024-09-06
574,Yashawini Krishnamurthy,Amroha,2024-04-17
575,Aarav Vora,Anand,2024-05-09
576,Aahana Sehgal,Vellore,2026-03-04
577,Keya Bala,Purnia,2025-03-04
578,Farhan Edwin,Davanagere,2026-05-10
579,Nisha Kari,Chennai,2024-03-27
580,Anya Trivedi,Anantapuram,2024-10-24
581,Hardik Lal,Bhimavaram,2024-10-16
582,Sarthak Sheth,Bhimavaram,2025-10-30
583,Ranveer Bhatt,Kakinada,2024-06-14
584,Ishani Sawhney,Suryapet,2025-07-02
585,Radhika D’Alia,Hosur,2025-08-12
586,Gunbir Menon,Bidar,2025-11-30
587,Hemal Biswas,Korba,2024-01-14
588,Orinder Chatterjee,Saharsa,2025-12-20
589,Vedant Bala,Katni,2023-12-04
590,Udant Wadhwa,Ongole,2024-01-28
591,Maanav Barad,Mahbubnagar,2025-05-03
592,Zashil Seshadri,Panchkula,2025-11-25
593,Pranit Suresh,Thane,2024-02-08
594,Lohit Virk,North Dumdum,2023-12-26
595,Devansh Morar,Asansol,2024-03-27
596,Nilima Murthy,Bilaspur,2024-06-16
597,Naksh Ghose,Warangal,2024-09-08
598,Neha Basak,Ahmedabad,2023-10-26
599,Upkaar Gola,Gandhidham,2024-07-22
600,Aditya Venkatesh,Ajmer,2025-12-06
601,Lila Suresh,Bhimavaram,2024-05-10
602,Bhavna Bajwa,Nangloi Jat,2024-03-06
603,Victor Kuruvilla,Nizamabad,2024-03-11
604,Aadi Mannan,Saharsa,2024-05-31
605,Amruta Dara,New Delhi,2025-06-28
606,Forum Som,Kurnool,2024-06-08
607,Meghana Guha,Ghaziabad,2024-07-03
608,Devika Ratti,Bikaner,2026-07-29
609,Wridesh Shetty,Ghaziabad,2026-02-06
610,Peter Jaggi,Eluru,2026-07-03
611,Gopal Baral,Dindigul,2026-07-08
612,Gayathri Memon,Madurai,2026-04-03
613,Anita Palla,Warangal,2025-11-21
614,Sanaya Dutt,Aurangabad,2026-06-16
615,Yasti Kakar,Morbi,2026-08-03
616,Faras Vora,Nizamabad,2024-04-07
617,Maanas Ravi,Rajkot,2025-06-23
618,Abeer Kibe,Mysore,2026-03-16
619,Chavvi Misra,Anantapuram,2026-03-06
620,Dakshesh Sani,Pallavaram,2024-05-08
621,Oni Nayar,Nandyal,2024-09-16
622,Radhika Sawhney,Bhilai,2024-07-18
623,Urvashi Mody,Jhansi,2026-07-01
624,Lajita Ravi,Bhiwandi,2023-09-11
625,Neel Kade,Kochi,2025-12-25
626,Sanya Biswas,Bulandshahr,2026-08-01
627,Gunbir Ratti,North Dumdum,2023-09-01
628,Wishi Bassi,Aurangabad,2024-10-13
629,Zehaan Dhar,Chinsurah,2026-04-20
630,Frederick Date,Bhusawal,2024-12-12
631,Ryan Grover,Ghaziabad,2025-10-09
632,Mohini Shankar,Hosur,2024-03-09
633,Ekantika Yohannan,Silchar,2025-08-31
634,Warda Khare,Agartala,2024-09-10
635,Darpan Ganguly,Nagercoil,2025-10-22
636,Aahana Barad,Chandigarh,2023-12-24
637,Kabir Vohra,Katihar,2025-09-28
638,Vivaan Thakur,Karnal,2023-11-21
639,Aachal Rai,Bhimavaram,2025-04-20
640,Unnati Parsa,Alwar,2024-05-03
641,Aadi Dara,Bikaner,2026-01-29
642,Siddharth Krishnamurthy,Darbhanga,2025-10-14
643,Abhiram Suri,Jamshedpur,2024-10-28
644,Jacob Sunder,Bijapur,2025-06-20
645,Amruta Ravel,Giridih,2025-03-29
646,Peter Andra,Tadipatri,2026-06-30
647,Wridesh Bala,Thrissur,2024-08-04
648,Karan Atwal,Chinsurah,2024-11-22
649,Anamika Malhotra,Allahabad,2024-05-25
650,Jai Tak,Bareilly,2025-10-09
651,Aishani Chahal,Panipat,2026-01-07
652,Lakshit Dani,Ghaziabad,2026-06-07
653,Aarnav Venkatesh,Machilipatnam,2025-09-21
654,Gautami Kara,Gorakhpur,2026-02-06
655,Udyati Mane,Dindigul,2026-02-05
656,Gaurika Peri,Solapur,2024-12-23
657,Hamsini Batra,Tiruchirappalli,2026-02-11
658,Chakradev Magar,Rourkela,2023-12-07
659,Lila Khosla,Bhagalpur,2024-11-11
660,Shravya Pandey,Mangalore,2023-12-01
661,Aarush Rout,Kota,2026-01-18
662,Deepa Hora,Katihar,2025-07-27
663,Girish Parmar,Buxar,2025-04-23
664,Agastya Babu,Patna,2025-06-11
665,Bimala Chokshi,Ballia,2025-12-31
666,Widisha Ahluwalia,Madhyamgram,2024-08-11
667,Zarna Bal,Munger,2023-10-10
668,Nandini Varghese,Mirzapur,2024-07-05
669,Upasna Badal,Kolhapur,2026-01-20
670,Neha Boase,Madhyamgram,2024-06-02
671,Ikshita Mishra,Bidhannagar,2025-02-23
672,Aarav Mahal,Amroha,2025-01-16
673,Prisha Raja,Tiruppur,2024-03-15
674,Falak Varghese,Jamnagar,2024-08-13
675,Orinder Cheema,Pudukkottai,2023-08-28
676,Elijah Gupta,Visakhapatnam,2026-05-29
677,Isaiah Korpal,Patna,2026-06-29
678,Anjali Varkey,Haridwar,2023-11-19
679,Pranit Nair,Silchar,2026-03-28
680,Idika Choudhary,Surat,2023-12-11
681,Bina Kumer,Solapur,2024-08-01
682,Jairaj Pant,Firozabad,2025-04-28
683,Yuvraj Kibe,Silchar,2025-06-15
684,Ridhi Memon,Hajipur,2023-10-25
685,Nidra Yohannan,Etawah,2023-11-21
686,Thomas Bhattacharyya,Guntur,2024-03-02
687,Zayan Basu,Alwar,2026-07-28
688,Ronith Buch,Sirsa,2026-03-31
689,Frederick Mishra,Hyderabad,2026-04-08
690,Mason Dugar,Ambala,2025-12-12
691,Ekapad Cheema,Nagpur,2025-09-16
692,Urvashi Thaker,Howrah,2025-04-28
693,Viraj Bora,Mau,2025-08-29
694,Krishna Dey,Nellore,2023-10-25
695,Kabir Kadakia,Kochi,2025-03-08
696,Aarav Bhandari,Phagwara,2026-04-08
697,Sai Nagar,Mangalore,2024-02-24
698,Jalsa Bail,Ichalkaranji,2024-06-14
699,Ekalinga Dhillon,Dehradun,2024-05-27
700,Dayita Grover,Jaunpur,2024-12-25
701,Maanav Andra,Vellore,2024-01-26
702,Brinda Narang,Raipur,2024-02-13
703,Dhruv Uppal,Bilaspur,2024-02-03
704,Wahab Kata,Naihati,2025-01-23
705,Sara Minhas,Ramagundam,2023-10-18
706,Umang Jayaraman,Bhind,2024-07-21
707,Madhavi Mandal,Thrissur,2024-11-22
708,Elijah Rana,Siliguri,2025-08-06
709,Maanav Krish,Kollam,2026-03-26
710,Ati Kala,Bettiah,2024-03-03
711,Yashawini Saha,Katni,2025-05-23
712,Onveer Kapadia,Patiala,2026-06-29
713,Mohammed Dutta,Durg,2024-04-10
714,Yagnesh Sur,Sambalpur,2024-05-06
715,Tanvi Aurora,Kota,2024-10-30
716,Maanas Andra,Varanasi,2025-04-19
717,Rachana Thakur,Machilipatnam,2024-06-16
718,Oni Bora,Madurai,2025-12-04
719,Hema Thakkar,Mehsana,2026-02-27
720,Chandani Gade,Bhusawal,2024-10-06
721,Veer Palla,Karaikudi,2023-12-29
722,Nimrat Bains,Nizamabad,2026-07-06
723,Turvi Bedi,Jalgaon,2026-02-08
724,Ojas Kade,Kadapa,2025-09-23
725,Adweta Bhat,Dewas,2024-04-29
726,Hamsini Radhakrishnan,Karawal Nagar,2024-04-14
727,Anya Thaker,Bhilwara,2025-08-15
728,Saksham Bhargava,Bokaro,2024-09-10
729,Advika Rattan,Gangtok,2024-03-10
730,Vansha Amble,Ghaziabad,2026-05-19
731,Unnati Butala,Raebareli,2024-08-06
732,Mekhala Mukherjee,Yamunanagar,2024-10-29
733,Ojas Bobal,Jaunpur,2024-11-24
734,Jagrati Mall,Khora ,2024-08-05
735,Barkha Chaudhary,Ujjain,2025-07-10
736,Laksh Barman,Muzaffarpur,2026-06-25
737,Shaurya Sarna,Pimpri-Chinchwad,2025-06-25
738,Jagdish Chatterjee,Bellary,2023-09-13
739,Chanchal Vyas,Mau,2025-11-15
740,Wridesh Tank,Pali,2024-03-05
741,Bhavika Lata,Berhampore,2026-02-27
742,Ekanta Kapadia,Katni,2025-04-01
743,Warjas Prasad,Pune,2023-10-25
744,Umang Pandit,Tumkur,2025-05-28
745,Anamika Mitra,Patiala,2023-11-17
746,Yashoda Goyal,Coimbatore,2025-11-12
747,Mugdha Datta,South Dumdum,2025-02-06
748,Aryan Dhawan,Katihar,2024-02-09
749,Mekhala Ahuja,Nashik,2024-11-28
750,Ekansh Boase,Udupi,2024-01-31
751,Krish Sibal,Madanapalle,2024-11-07
752,Mason Hans,North Dumdum,2025-10-18
753,Pranit Rege,Ahmedabad,2025-09-17
754,Tara Mistry,Imphal,2025-01-06
755,Zaid Hayre,Jodhpur,2024-06-22
756,Dayita Talwar,Serampore,2024-11-10
757,Janaki Tailor,Srinagar,2025-03-13
758,Janani Dugal,Vijayawada,2025-07-18
759,Vrishti Saini,Bhilwara,2026-06-12
760,Harita Deep,Sasaram,2024-05-28
761,Wriddhish Sule,Madurai,2024-04-24
762,Kamya Wason,Barasat,2025-03-14
763,Bhavani Mital,Rajpur Sonarpur,2026-03-15
764,Charan Ahluwalia,Anand,2026-03-23
765,Tanvi Chand,Bongaigaon,2026-03-29
766,Dakshesh Chhabra,Tirunelveli,2025-10-03
767,Riya Saraf,Dhanbad,2024-10-06
768,Tanish Tak,Aurangabad,2026-06-01
769,Dalbir Babu,Alappuzha,2023-09-07
770,Onkar Mann,Nandyal,2024-07-09
771,Kamya Mohanty,Secunderabad,2025-10-29
772,Anay Datta,Sambhal,2023-11-16
773,Krish Mistry,Coimbatore,2026-03-21
774,Sathvik Ghosh,Haldia,2024-07-10
775,Hitesh Sheth,Hosur,2026-04-10
776,Ansh Dhawan,Chandrapur,2025-04-25
777,Manbir Bir,Bhatpara,2024-10-25
778,Arya Sood,Haridwar,2026-01-24
779,Pushti Seshadri,Jorhat,2026-04-06
780,Eesha Nagy,Jaipur,2024-07-08
781,Qushi Babu,Sultan Pur Majra,2025-05-19
782,Ishita Bansal,Kulti,2024-12-17
783,Dalbir Chopra,Chittoor,2024-12-09
784,Eesha Dar,Jhansi,2025-02-28
785,Damyanti Savant,Bhiwani,2023-08-26
786,Omisha Sunder,Ludhiana,2026-07-09
787,Ishani Rattan,Chandigarh,2025-10-20
788,Anvi Halder,Raurkela Industrial Township,2026-05-18
789,Dalbir Sandal,Begusarai,2024-04-03
790,Wahab Badal,Siwan,2024-03-25
791,David Chawla,Jammu,2025-08-17
792,George Dave,Visakhapatnam,2024-03-06
793,Daksha Ganguly,Motihari,2025-08-18
794,Chaitanya Choudhury,Katni,2025-06-30
795,Amol Bhatnagar,Amaravati,2025-11-30
796,David Bera,Kavali,2025-10-05
797,Priya Sharaf,Panchkula,2025-09-29
798,Vritti Sahni,Pune,2023-10-18
799,Gaurika Kibe,Chandrapur,2023-08-21
800,Vrinda Amble,Akola,2025-12-21
801,Shivani Korpal,Bhatpara,2023-08-26
802,Victor Bava,Amravati,2023-12-12
803,Amruta Sandhu,Alwar,2024-04-17
804,Umang Biswas,Davanagere,2024-09-21
805,Jagrati Viswanathan,Jamalpur,2023-08-19
806,Samesh Mani,Madurai,2026-07-28
807,Pahal Batta,Muzaffarpur,2024-02-03
808,Ethan Ravel,Rewa,2025-09-27
809,Vritti Kothari,Bhilai,2025-03-26
810,Harrison Din,Ambala,2025-10-23
811,Vinaya Gera,Orai,2026-05-21
812,Upasna Jhaveri,Meerut,2023-11-01
813,Priya Pandey,Salem,2025-03-04
814,Gagan Ganesh,Jamshedpur,2024-08-27
815,Daniel Wable,Kozhikode,2025-09-14
816,Vidhi Rajagopal,Tadipatri,2025-09-01
817,Warjas Muni,Jamshedpur,2023-09-11
818,Lucky Kar,Mau,2024-12-13
819,Indali Gupta,Tirupati,2024-11-05
820,Zashil Salvi,Bihar Sharif,2026-08-01
821,Gagan Ghosh,Madhyamgram,2024-05-23
822,Frederick Malhotra,Jorhat,2024-05-04
823,Upkaar Bhagat,Raipur,2023-10-20
824,Amaira Sridhar,Mumbai,2025-02-25
825,Meghana Hayre,Akola,2025-01-16
826,Zashil Som,Kollam,2024-03-20
827,Fitan Bakshi,Muzaffarpur,2024-10-05
828,Vinaya Gupta,Haldia,2024-04-01
829,Alexander Cheema,Ahmednagar,2026-03-14
830,Zansi Tiwari,Ahmednagar,2024-11-06
831,Chasmum Wagle,Raipur,2023-10-15
832,Sarthak Sheth,Mathura,2024-08-17
833,Idika Tella,Nandyal,2025-03-30
834,Aarush Ganesh,Jaipur,2026-08-02
835,William Mital,Hubli–Dharwad,2026-02-05
836,Nisha Muni,Bhind,2026-04-08
837,Warda Kohli,Tirunelveli,2026-02-16
838,Saumya Master,Raurkela Industrial Township,2024-10-19
839,Anjali De,Naihati,2023-08-30
840,Shaurya Sanghvi,Panchkula,2023-12-17
841,Brijesh Sandal,Sagar,2026-05-11
842,Yasti Batta,Raurkela Industrial Township,2024-09-24
843,Elijah Karpe,Bathinda,2023-08-12
844,Anmol Keer,Mehsana,2024-01-10
845,Eshana Suri,Dhule,2025-02-13
846,Yashasvi Sha,Bilaspur,2026-04-23
847,Onveer Bhardwaj,Bettiah,2025-05-06
848,Jagat Bhatt,Alappuzha,2024-04-16
849,Charvi Shan,Bikaner,2025-05-22
850,Neel Bhatti,Mehsana,2025-11-07
851,Sanya Gara,Purnia,2025-05-22
852,Daniel Konda,Mumbai,2026-06-15
853,Veer Dora,Sambalpur,2024-04-21
854,Sudiksha Raman,Serampore,2026-06-09
855,Waida Oak,Ambattur,2023-11-07
856,Harinakshi Pathak,Chittoor,2026-02-23
857,Arjun Halder,Dhule,2024-03-15
858,Finn Sen,Shivpuri,2026-02-13
859,Krishna Parikh,Kirari Suleman Nagar,2025-04-20
860,Tanveer Toor,Raichur,2025-06-15
861,Jacob Chandra,Pimpri-Chinchwad,2024-09-12
862,Amrita Bhakta,Amroha,2025-09-29
863,Jagrati Bawa,Bidar,2026-01-30
864,Zaid Peri,Darbhanga,2026-06-26
865,Jai Kala,Jamnagar,2024-04-01
866,Farhan Pai,Hindupur,2024-05-01
867,Madhav Jhaveri,Katni,2024-11-27
868,Rachana Padmanabhan,Bhubaneswar,2024-07-24
869,Fiyaz Reddy,Vadodara,2025-02-15
870,Bhavika Nayak,Durg,2024-03-23
871,Reva Mukherjee,Ambala,2024-04-24
872,Pavani Varma,Karawal Nagar,2024-03-28
873,Idika Jha,Lucknow,2026-06-02
874,Qarin Khosla,Hyderabad,2024-11-06
875,Rehaan Jain,Jodhpur,2024-07-13
876,Damyanti Raval,South Dumdum,2026-02-15
877,Samesh Mannan,Pondicherry,2025-02-03
878,Christopher Cherian,Moradabad,2023-12-01
879,Falguni Biswas,Phagwara,2025-10-12
880,Chavvi Lalla,Bangalore,2023-10-12
881,Lipika Shankar,Dewas,2024-09-10
882,Urvi Madan,Ujjain,2026-05-28
883,Bimala Shanker,Kochi,2026-05-30
884,Triveni Badal,Ranchi,2025-04-29
885,Chatresh Palla,Motihari,2025-01-11
886,Kalpit Acharya,Mirzapur,2025-10-11
887,Zayyan Kant,Ujjain,2024-06-05
888,Jagvi Jaggi,Yamunanagar,2025-06-24
889,Jyoti Dara,Sultan Pur Majra,2026-07-11
890,Chanchal Kapadia,Bhagalpur,2026-02-15
891,Michael Mall,Jammu,2023-12-30
892,Suhani Mane,Hazaribagh,2024-04-01
893,Devansh Bail,Pune,2025-11-21
894,Saumya Oommen,Yamunanagar,2025-08-25
895,Oscar Bala,Jalna,2023-12-11
896,Anya Dass,Guna,2025-10-06
897,Vyanjana Walla,Bhagalpur,2025-01-31
898,Siddharth Sengupta,Kumbakonam,2026-03-18
899,Warinder Dyal,Guntakal,2026-07-09
900,Samaksh Tiwari,Vasai-Virar,2025-12-16
901,Tanveer Sachdeva,Naihati,2024-03-14
902,Aarush Sahota,Munger,2024-12-04
903,Vedant Agarwal,Proddatur,2026-06-28
904,Urmi Pillai,Thrissur,2023-09-14
905,Chanchal Sem,Nadiad,2025-08-29
906,Varenya Mukhopadhyay,Guntur,2026-04-29
907,Nirja Narayan,Udupi,2026-07-30
908,Ojas Khanna,Saharanpur,2024-02-23
909,Simon Loke,Kalyan-Dombivli,2026-02-06
910,Yashoda Pingle,Jalgaon,2024-04-18
911,Vincent Agate,Ramagundam,2023-10-06
912,Amaira Chana,Avadi,2024-09-08
913,Oeshi Pant,Rajkot,2025-03-16
914,Anita Minhas,Aizawl,2023-10-09
915,Upadhriti Sathe,Vijayanagaram,2024-01-25
916,Kai Varma,Alwar,2024-04-22
917,Vedika Khalsa,Bhatpara,2025-07-12
918,Shaurya Raman,Morbi,2023-10-12
919,Rushil Soni,Akola,2026-01-16
920,Mekhala Ramakrishnan,Chandrapur,2025-09-14
921,Ekiya Natt,Ratlam,2024-06-29
922,Ishani Ramachandran,Munger,2025-11-11
923,Rayaan Tank,Bhind,2023-11-14
924,Urvi Sharma,South Dumdum,2025-05-16
925,Nitesh Sankaran,Mathura,2024-05-04
926,Vasana Das,Khandwa,2024-03-15
927,Ethan Peri,Eluru,2023-10-12
928,Fariq Bajwa,Sonipat,2024-12-04
929,Kashish Parikh,Agartala,2026-01-26
930,Bhavya Jain,Sambhal,2024-12-20
931,Kavya Muni,Ongole,2024-04-16
932,Vaishnavi Sankaran,Jamshedpur,2025-04-09
933,Kabir Ray,Bhind,2023-11-25
934,Finn Sathe,Sagar,2024-04-13
935,Pushti Pal,Katni,2024-05-10
936,Ganga Kadakia,Indore,2024-04-23
937,Tara Singh,Maheshtala,2023-10-20
938,Krishna Halder,Ballia,2023-12-09
939,Madhav Deol,Bongaigaon,2024-01-19
940,Abha Dhillon,Hapur,2024-03-21
941,Upasna Loke,Saharsa,2026-03-22
942,Charvi Bhasin,Berhampur,2026-08-01
943,Noah Krishna,Anantapuram,2024-06-26
944,Idika Taneja,Mangalore,2024-02-21
945,Charita Sura,Bharatpur,2026-05-11
946,Mohammed Nagar,Nanded,2025-07-01
947,Nakul Ramanathan,Ramagundam,2024-07-08
948,Ekavir Shanker,Cuttack,2023-10-25
949,Kala Iyengar,Agra,2026-04-17
950,Ria Ramakrishnan,Bongaigaon,2025-09-16
951,Tristan Bali,Amaravati,2025-09-01
952,Bhavya Amble,Tirunelveli,2024-11-22
953,Gunbir Chada,Pudukkottai,2024-07-18
954,Nitara Ghosh,Bhilwara,2024-05-10
955,Samar Chhabra,Bhimavaram,2024-03-06
956,Triya Bhavsar,Anand,2026-06-16
957,Daksha Mangal,Surat,2024-09-27
958,Rachit Kumar,Belgaum,2026-05-29
959,Ekalinga Uppal,Tirunelveli,2026-07-02
960,Kiaan Balasubramanian,Singrauli,2024-08-15
961,Harinakshi Mital,Munger,2025-01-20
962,Jairaj Joshi,Tirupati,2026-04-22
963,Fiyaz Narula,Howrah,2026-04-18
964,Madhav Luthra,Muzaffarnagar,2024-05-07
965,Pranit Sant,Madanapalle,2024-03-11
966,Anjali Kala,Ahmedabad,2026-05-16
967,Turvi Srivastava,Farrukhabad,2026-03-31
968,Ethan Dara,Berhampore,2024-04-07
969,Kashish Minhas,Meerut,2024-10-14
970,Ria Bawa,Tadepalligudem,2025-04-09
971,Kamya Vaidya,Tirupati,2024-10-01
972,Triveni Samra,Burhanpur,2024-04-13
973,Sudiksha Iyer,Bally,2025-05-09
974,Alexander Saini,Haldia,2025-07-08
975,Hamsini De,Pimpri-Chinchwad,2024-06-04
976,Gabriel Menon,Karawal Nagar,2026-06-02
977,Nidra Pillai,Tadipatri,2023-09-10
978,Lajita Prashad,Berhampur,2023-10-02
979,Rohan Saha,Gandhinagar,2023-11-16
980,Nathaniel Malhotra,Rewa,2026-03-11
981,Sarthak Halder,Jamalpur,2023-11-09
982,Girik Bandi,Parbhani,2026-06-08
983,Ekantika Narayan,Maheshtala,2024-01-04
984,Qadim Bhakta,Imphal,2025-05-31
985,Laksh Basu,Hospet,2024-02-09
986,Vaishnavi Sathe,Hajipur,2026-07-11
987,Aradhana Lata,Bangalore,2024-01-10
988,Madhav Sidhu,Satara,2024-07-27
989,Unni Savant,Kishanganj,2024-01-28
990,Laksh Shankar,Munger,2023-08-25
991,Zilmil Pathak,Nandyal,2025-11-02
992,Ishita Gala,Bangalore,2025-11-05
993,Faris Saraf,Pallavaram,2023-11-15
994,Nikita Agarwal,Hindupur,2025-01-04
995,Jeevika Dani,Jodhpur,2024-01-10
996,Neha Comar,Raipur,2024-02-25
997,Janani Ramaswamy,Bhind,2024-01-31
998,Brijesh Dhar,Siwan,2024-03-02
999,Tanish Ramaswamy,Bhubaneswar,2023-12-20
1000,Henry Mand,Proddatur,2026-07-11
1001,Amol Bora,Anantapuram,2026-03-03
1002,Mohammed Goswami,Rampur,2024-02-04
1003,Aashi Rama,Jodhpur,2025-10-02
1004,Ladli Goyal,Jorhat,2026-07-26
1005,Vansha Mitter,Phagwara,2023-11-02
1006,Jacob Sheth,Aligarh,2025-07-28
1007,Karan Chaudhuri,Panipat,2026-06-15
1008,Jack Vig,Salem,2023-09-17
1009,Yatin Kara,Chinsurah,2026-01-05
1010,Saksham Cheema,Tadipatri,2023-08-12
1011,Parth Prabhu,Bhiwandi,2026-03-07
1012,Janya Khare,Latur,2025-08-06
1013,Rachit Solanki,Raiganj,2025-07-02
1014,Urvi Datta,Chapra,2025-09-23
1015,Forum Venkatesh,Guntakal,2024-03-01
1016,Divya Barman,Phagwara,2023-12-22
1017,Omya Jani,Kirari Suleman Nagar,2025-04-16
1018,Vansha Badami,Mysore,2024-02-03
1019,Eshana Bobal,Bhilwara,2025-12-07
1020,Bina Singhal,Ahmedabad,2024-10-18
1021,Christopher Rao,Hajipur,2023-11-26
1022,Michael Sekhon,Jalandhar,2025-12-09
1023,Saanvi Kohli,Siwan,2025-10-28
1024,Jairaj Gola,Navi Mumbai,2025-08-10
1025,Anusha Pingle,Amaravati,2024-01-28
1026,Vamakshi Subramaniam,Akola,2025-07-12
1027,Charan Bhat,Muzaffarnagar,2024-12-23
1028,Tejas Pandit,Maheshtala,2024-08-11
1029,Kabir Keer,Ramgarh,2025-04-14
1030,Rajata Sundaram,Kamarhati,2025-10-30
1031,Mahika Saraf,Dewas,2024-12-23
1032,Janya Butala,Nizamabad,2026-04-06
1033,Chanakya Dugar,Parbhani,2026-06-24
1034,Tara Bali,Singrauli,2024-07-10
1035,Nidra Gaba,Etawah,2024-11-08
1036,Bhavini Kaul,Kurnool,2024-01-06
1037,Qarin Mutti,Ghaziabad,2023-09-12
1038,Varsha Kurian,Mumbai,2025-03-20
1039,George Ravel,Pimpri-Chinchwad,2025-11-25
1040,Sathvik Tata,Satara,2024-04-27
1041,Dayita Tak,Ratlam,2025-03-29
1042,Praneel Uppal,Danapur,2024-07-20
1043,Anthony Swamy,Thoothukudi,2025-12-05
1044,Ayush Dugar,Shahjahanpur,2024-05-03
1045,Rushil Sem,Vadodara,2025-05-29
1046,Harsh Thaker,Bidhannagar,2026-03-06
1047,Chasmum Jaggi,Durgapur,2025-11-04
1048,Ria Borde,Allahabad,2024-03-02
1049,Barkha Raju,Tadipatri,2024-08-03
1050,Ishwar Bora,Jehanabad,2026-03-11
1051,Chandani Shukla,Panipat,2025-11-19
1052,Laksh Dave,Junagadh,2025-03-23
1053,Osha Parmar,Guwahati,2024-03-11
1054,Nisha Gopal,Meerut,2025-08-05
1055,Parth Halder,Durg,2025-02-03
1056,Yashvi Pathak,Darbhanga,2024-08-12
1057,Eshana Walia,Haldia,2025-09-01
1058,Dipta Halder,Gandhinagar,2025-09-12
1059,Yatin Saini,Chandigarh,2024-04-26
1060,Eiravati Dora,Uluberia,2025-02-18
1061,Gabriel Kakar,Jaipur,2026-04-24
1062,Tanay Dasgupta,Kolkata,2026-01-23
1063,Charita Basak,Madhyamgram,2026-07-14
1064,Victor Bir,Mathura,2025-05-20
1065,Veer Sant,Katihar,2026-06-09
1066,Vaishnavi Soni,Bhiwandi,2026-07-31
1067,Nachiket Natt,Ludhiana,2025-05-02
1068,Bishakha D’Alia,Singrauli,2024-01-19
1069,Zarna Patel,Bidhannagar,2024-11-03
1070,Jeremiah Hegde,Thiruvananthapuram,2024-11-22
1071,Raagini Ben,Imphal,2024-07-10
1072,Vincent Bedi,Solapur,2026-06-28
1073,Eshana Verma,Chapra,2025-06-23
1074,Wazir Raghavan,Bahraich,2024-07-29
1075,Lipika Bhasin,Chapra,2024-06-21
1076,Mohini Salvi,Bhavnagar,2025-11-07
1077,Baljiwan Balasubramanian,Gorakhpur,2025-08-17
1078,Qarin Narula,Thiruvananthapuram,2024-05-03
1079,Rushil Ahluwalia,Jamshedpur,2025-03-15
1080,Udyati Parikh,Saharsa,2023-08-12
1081,Nikita Gill,Jalna,2024-09-06
1082,Tanay Chopra,Pune,2025-01-18
1083,Nathaniel Modi,Rajpur Sonarpur,2024-11-28
1084,Ojas Varughese,Bhimavaram,2026-02-16
1085,Varsha Yogi,Khandwa,2023-10-03
1086,Gauri Dara,Jodhpur,2024-03-08
1087,Krishna Raghavan,Kulti,2025-12-29
1088,Vaishnavi Bal,Hubli–Dharwad,2025-11-08
1089,Bina Keer,Vijayanagaram,2025-08-14
1090,Leena Vora,Bhopal,2025-03-25
1091,Parth Roy,Visakhapatnam,2025-10-28
1092,Nakul Madan,Machilipatnam,2024-07-19
1093,Mitesh Patil,Amroha,2026-06-19
1094,Rachana Mohanty,Jaunpur,2024-01-01
1095,Sai Sane,Davanagere,2025-04-18
1096,Kritika Sangha,Tiruvottiyur,2025-11-12
1097,Daniel Om,Vadodara,2026-05-12
1098,Upma Puri,Shahjahanpur,2023-12-30
1099,Ekavir Dhawan,Aurangabad,2025-11-16
1100,Kashish Singh,Nanded,2024-11-29
1101,Sathvik Subramanian,Bidar,2025-10-16
1102,Yatin Badal,Rohtak,2026-02-11
1103,Jeevika Nayar,Navi Mumbai,2024-06-23
1104,Rachana Yogi,Rewa,2023-11-16
1105,Gaurang Khanna,Guwahati,2025-06-15
1106,Pavani Kothari,Thoothukudi,2024-06-20
1107,Lohit Kara,Surendranagar Dudhrej,2023-12-26
1108,Aarush Warrior,Thrissur,2023-10-31
1109,Mahika Pillai,Ludhiana,2025-07-26
1110,Sarthak Hari,Durgapur,2026-06-22
1111,Aarav Khosla,Alwar,2026-06-19
1112,Jagrati Sandal,Jhansi,2024-12-16
1113,Megha Ganesh,Munger,2024-01-25
1114,Liam Rajan,Hyderabad,2025-04-13
1115,Shaurya Patel,Visakhapatnam,2024-07-24
1116,Ekanta Natt,Imphal,2025-05-22
1117,Gaurang Varkey,Karaikudi,2024-02-16
1118,Daniel Nanda,Bardhaman,2023-12-12
1119,Megha Acharya,Unnao,2025-01-17
1120,Karan Sheth,New Delhi,2023-11-11
1121,Gauri Nagi,Rohtak,2025-05-20
1122,Kashish Goel,Vadodara,2024-08-03
1123,Jatin Hari,Udupi,2026-03-22
1124,Hardik Dube,Khammam,2026-02-25
1125,Dhruv Dara,Rajpur Sonarpur,2025-03-08
1126,Tanay Char,Nellore,2024-06-17
1127,Arya Golla,Malda,2026-04-09
1128,Yashvi Sami,Navi Mumbai,2025-12-02
1129,Tripti Dora,Rajahmundry,2024-08-24
1130,Ojas Bandi,Rourkela,2024-06-12
1131,Amaira Pandit,Aizawl,2024-01-28
1132,Chatresh Brahmbhatt,Bhiwani,2025-08-28
1133,Nandini Thakkar,Korba,2024-06-18
1134,Xalak Devan,Dehradun,2026-03-11
1135,Mitali Sekhon,Panipat,2025-06-18
1136,Daksha Patla,Tiruppur,2025-10-15
1137,Krishna Sridhar,Thane,2025-10-18
1138,Michael Dora,Phusro,2025-01-27
1139,Avi Ramanathan,Etawah,2024-05-25
1140,Arjun Parekh,Jamalpur,2026-05-24
1141,Aayush Ahluwalia,Guwahati,2023-09-10
1142,Sathvik Wagle,Avadi,2026-05-07
1143,Omya Puri,Bhilwara,2024-10-14
1144,Janya Samra,Bettiah,2024-06-09
1145,Onkar Date,Ludhiana,2025-07-25
1146,Isaac Dewan,Narasaraopet,2025-01-09
1147,Lopa Kulkarni,Phagwara,2024-08-09
1148,Vasudha Memon,Vellore,2024-11-22
1149,Chakradev Mukhopadhyay,Nagpur,2024-07-27
1150,Kritika Tata,Nagaon,2025-12-30
1151,Reva Bhandari,Guna,2026-04-21
1152,Onveer Samra,Muzaffarpur,2025-08-04
1153,Neel Saran,Gangtok,2024-06-09
1154,Karan Behl,Thrissur,2025-01-09
1155,Yauvani Krishna,Bhiwani,2025-09-15
1156,Laban Saxena,Singrauli,2024-01-18
1157,Leela Varma,Sikar,2023-12-01
1158,Ethan Barad,Bhilwara,2025-08-17
1159,Varsha Khosla,Akola,2024-08-14
1160,Onkar Suresh,Kozhikode,2026-05-08
1161,Dalaja Balay,Alappuzha,2025-02-16
1162,Tarak Kuruvilla,Giridih,2025-11-20
1163,Qushi Vora,Coimbatore,2023-12-01
1164,Bachittar Ray,Madurai,2025-03-24
1165,Luke Contractor,Kozhikode,2024-02-17
1166,Abhiram Borde,Kamarhati,2024-05-08
1167,Damini Dugar,Ahmednagar,2023-10-30
1168,Idika Mall,Bhopal,2026-07-16
1169,Daksh Brar,Secunderabad,2023-11-18
1170,Falan Krishna,Bareilly,2025-02-07
1171,Chakrika Zachariah,Guntur,2026-01-13
1172,Dakshesh Dada,Bikaner,2025-01-08
1173,Faris Khalsa,Udaipur,2024-02-04
1174,Suhani Subramaniam,Pondicherry,2024-04-05
1175,Theodore Jhaveri,Vijayanagaram,2023-11-14
1176,Lajita Sha,Maheshtala,2024-08-27
1177,Mohammed Oza,Munger,2025-04-13
1178,Samesh Bal,Bhiwani,2026-07-15
1179,Chakradhar Atwal,Bhilai,2025-01-12
1180,Divya Memon,Amaravati,2026-04-14
1181,Baghyawati Hayre,Rohtak,2024-10-10
1182,Zansi Dora,Guwahati,2024-07-09
1183,Janaki Chander,Aurangabad,2025-05-19
1184,Ekiya Varkey,Gopalpur,2026-06-12
1185,Oeshi Chandra,Bhubaneswar,2025-01-02
1186,Yashawini Dar,Mira-Bhayandar,2025-04-15
1187,Wazir Gola,Guntakal,2023-10-22
1188,Yasti Kumer,Bokaro,2025-11-06
1189,Joshua Arya,Ambala,2026-04-03
1190,Megha Oza,Sonipat,2024-06-11
1191,Bakhshi Tara,Bhilwara,2024-09-03
1192,Jacob Kamdar,Shimoga,2025-08-14
1193,Qushi Talwar,Pali,2026-07-28
1194,Ranbir More,Anand,2023-10-19
1195,Dhruv Venkatesh,Khammam,2024-03-15
1196,Amaira Varughese,Jammu,2024-09-05
1197,Varsha Jha,Kolkata,2024-11-16
1198,Yuvraj Gaba,Rajahmundry,2026-05-15
1199,Nikita Bhatti,Dehri,2023-11-03
1200,Divya Choudhury,Bhilwara,2025-05-05
1201,Aarini Nath,Barasat,2025-06-23
1202,Vyanjana Gokhale,Shimla,2026-07-02
1203,Chandran Rastogi,Silchar,2025-10-18
1204,Hamsini Hari,Panihati,2026-06-15
1205,Elijah Ramachandran,Nanded,2026-01-30
1206,Isaiah Saha,Miryalaguda,2025-11-09
1207,Farhan Dua,Sangli-Miraj & Kupwad,2024-08-19
1208,Hamsini Sama,Faridabad,2025-03-03
1209,Victor Chaudhari,Gorakhpur,2025-08-31
1210,Sarthak Ganesh,Suryapet,2023-10-29
1211,Fiyaz Rajagopalan,Serampore,2026-03-09
1212,Chandani Anand,Agra,2025-09-25
1213,Sara Sachar,Hapur,2025-08-31
1214,Oviya Saxena,Katni,2025-06-11
1215,Dev Tak,Kirari Suleman Nagar,2025-06-09
1216,Abeer Mall,Farrukhabad,2024-03-05
1217,Aachal Dube,Bally,2023-08-27
1218,Ekantika Chana,Secunderabad,2024-06-20
1219,Wyatt Naik,Chapra,2023-08-09
1220,Netra Dhar,Panihati,2025-02-10
1221,Damyanti Nanda,Burhanpur,2024-05-29
1222,Raghav Dutta,Guwahati,2024-09-24
1223,Pranit Pillai,Gorakhpur,2023-08-11
1224,Zehaan Mangal,Bhiwani,2025-03-02
1225,Tanay Rastogi,Srinagar,2023-10-15
1226,Daksh Madan,Allahabad,2024-05-17
1227,Anvi Shan,Chandrapur,2026-06-22
1228,Chandani Shenoy,Unnao,2025-11-02
1229,Frederick Saini,Dhule,2024-03-23
1230,Azad Varty,Ahmednagar,2025-10-23
1231,Oeshi Raval,Tinsukia,2023-10-25
1232,Varsha Biswas,Nangloi Jat,2025-12-26
1233,Divya Chokshi,Ambattur,2024-07-04
1234,Amrita Patla,Kamarhati,2024-03-23
1235,Viraj Bakshi,Akola,2024-04-21
1236,Jeet Konda,Coimbatore,2024-09-10
1237,Chaitaly Basu,Serampore,2026-05-05
1238,Ikbal Borra,Sonipat,2024-05-20
1239,Samaksh Taneja,Tirunelveli,2025-05-01
1240,Karan Mane,North Dumdum,2026-04-25
1241,Bina Thakur,Dehri,2023-10-23
1242,Varsha Gaba,Belgaum,2026-02-03
1243,Maanav Nagar,Kakinada,2025-11-01
1244,Watika Raval,Satna,2025-01-30
1245,Nandini Modi,Davanagere,2026-04-28
1246,Janani Wable,Loni,2026-04-01
1247,Bhavani Goda,Erode,2025-07-26
1248,Caleb Bhagat,Mira-Bhayandar,2024-07-08
1249,Vyanjana Ganguly,Nagaon,2026-04-22
1250,Pooja Bal,Shahjahanpur,2025-08-21
1251,Warhi Chander,Srikakulam,2023-08-23
1252,Girish Pradhan,Adoni,2023-11-25
1253,Meera Tata,Dindigul,2025-04-10
1254,Anamika Balasubramanian,Secunderabad,2024-02-27
1255,Ekaraj Sem,Malda,2025-06-15
1256,Anusha Sen,Shivpuri,2024-05-10
1257,Nisha Maharaj,Purnia,2023-08-19
1258,Udant Anand,Dehri,2025-08-27
1259,Pallavi Jani,Guntur,2023-08-10
1260,Kritika Choudhry,Uluberia,2023-10-19
1261,Manthan Uppal,Gandhinagar,2025-05-08
1262,Gaurav Bains,Tirunelveli,2025-04-20
1263,Chavvi Wason,Bhiwani,2025-09-08
1264,Raagini Bakshi,Bharatpur,2024-06-09
1265,Dalbir Bala,Dhule,2025-04-21
1266,Gaurangi Kumar,Patna,2025-02-13
1267,Ryan Krish,Kamarhati,2024-08-21
1268,Omaja Pradhan,Shimoga,2025-04-01
1269,Widisha Nayar,Hyderabad,2025-08-15
1270,Gavin Babu,Firozabad,2023-12-26
1271,Krishna Iyer,Muzaffarpur,2024-07-28
1272,Isha Kalla,Bhind,2024-12-10
1273,Sai Sodhi,New Delhi,2024-03-18
1274,Yauvani Samra,Jaipur,2025-05-28
1275,Mitali Bhatia,Mysore,2024-12-05
1276,Aashi Gandhi,Alappuzha,2025-09-13
1277,Yashvi Bansal,Asansol,2024-11-01
1278,Arya Sani,Nizamabad,2024-12-05
1279,Bakhshi Grover,Mau,2025-11-10
1280,Nisha Wadhwa,Nagercoil,2025-01-17
1281,Rudra Kant,Farrukhabad,2024-05-29
1282,Joshua Kashyap,Tiruchirappalli,2026-06-25
1283,Gagan Dalal,Bihar Sharif,2025-07-17
1284,Ucchal Chakraborty,Ghaziabad,2023-08-13
1285,Yatin Deol,Tumkur,2024-12-31
1286,Amol Sem,Kadapa,2025-07-17
1287,Ronith Ramesh,Satara,2025-02-14
1288,Diya Choudhury,Ramgarh,2024-12-22
1289,Ekalinga Mitter,Gudivada,2023-11-28
1290,Sarthak Ghose,Aurangabad,2026-06-12
1291,Nitara Mohan,Vijayawada,2026-01-14
1292,Vedika Kala,Thoothukudi,2024-04-20
1293,Charvi Apte,Alappuzha,2024-08-20
1294,Nathaniel Mandal,Begusarai,2026-02-24
1295,Jeevika Deshpande,Tezpur,2024-09-20
1296,Abeer Agate,Tirunelveli,2023-08-07
1297,Darpan Prabhu,Udaipur,2025-09-29
1298,Gaurang Jani,Kottayam,2026-03-06
1299,Banjeet Lala,Bhilwara,2025-09-22
1300,Dayita Bail,Silchar,2026-01-23
1301,Faris Narain,Kurnool,2024-04-30
1302,Yahvi Mukhopadhyay,Hazaribagh,2024-10-19
1303,Ekanta Nagy,Darbhanga,2026-05-18
1304,Dayamai Reddy,Dehri,2025-10-15
1305,Harrison Karnik,Allahabad,2024-12-24
1306,Faraj Ratta,Agartala,2024-07-24
1307,Kritika Tank,Thanjavur,2024-09-13
1308,Zinal Dora,Salem,2023-10-10
1309,Gayathri Ahluwalia,Secunderabad,2025-01-21
1310,Samaksh Bedi,Hospet,2026-01-09
1311,Nimrat Keer,Surendranagar Dudhrej,2024-07-20
1312,Shaurya Nath,Kalyan-Dombivli,2025-11-29
1313,Chatura Rao,Nellore,2025-06-25
1314,Azaan Sami,Bangalore,2023-10-15
1315,Orinder Dass,Jamalpur,2026-06-22
1316,Yashvi Sekhon,Alwar,2025-09-30
1317,Harshil Chaudhuri,Bokaro,2025-11-30
1318,Aradhana Taneja,Agartala,2024-07-20
1319,Ojasvi Taneja,Ahmednagar,2023-09-11
1320,Nirja Krishnan,Purnia,2026-01-26
1321,Urishilla Parsa,Muzaffarpur,2025-01-15
1322,Damini Rama,Udaipur,2023-11-14
1323,Liam Bhalla,Nagpur,2024-05-26
1324,Dakshesh Gera,Tiruppur,2026-01-03
1325,Dhriti Sundaram,Hyderabad,2025-09-09
1326,Parth Zacharia,Indore,2026-03-24
1327,Vihaan Chandra,Danapur,2024-09-17
1328,Pooja Kadakia,Morena,2024-11-25
1329,Udant Andra,Mira-Bhayandar,2024-03-16
1330,Banjeet Bains,Cuttack,2025-09-02
1331,Darsh Borra,Nanded,2025-02-15
1332,Ria Wali,Ghaziabad,2024-06-17
1333,Girish Nagy,Bareilly,2024-04-14
1334,Balvan Keer,Raichur,2026-05-14
1335,Mugdha Bhargava,Buxar,2023-08-20
1336,Upasna Oak,Lucknow,2023-12-27
1337,Utkarsh Doshi,Rohtak,2023-09-02
1338,Yachana Kadakia,Jammu,2024-02-21
1339,Vedika Pingle,Tezpur,2023-10-02
1340,Sara Arora,Ballia,2024-05-06
1341,Gaurang Jani,Korba,2024-02-20
1342,Nitara Master,Bhagalpur,2024-07-23
1343,Aashi Sankar,Eluru,2025-11-13
1344,Fiyaz Acharya,Raebareli,2025-04-28
1345,Reyansh Bhattacharyya,Suryapet,2026-07-05
1346,Warhi Naik,Etawah,2023-10-15
1347,Charvi Gokhale,Pudukkottai,2026-07-05
1348,Bhavika Sarraf,Satara,2024-01-23
1349,Aayush Narasimhan,Phagwara,2024-11-05
1350,Chasmum Vora,Latur,2026-07-02
1351,Lipika Prashad,Navi Mumbai,2023-09-22
1352,Xavier Grover,Gangtok,2023-12-09
1353,Radha Shankar,Serampore,2025-06-14
1354,Keya Varkey,Kamarhati,2024-11-30
1355,Eta Barad,Rajkot,2024-10-31
1356,Kalpit Yohannan,Katihar,2024-11-15
1357,Jeevika Chaudhry,Karawal Nagar,2025-02-09
1358,Akshay Modi,Mau,2025-11-13
1359,Rohan Bail,Kolkata,2023-09-25
1360,Kashish Trivedi,Jabalpur,2024-06-24
1361,Tanish Nori,Hubli–Dharwad,2025-03-29
1362,Ayaan Gopal,Bhatpara,2024-07-22
1363,Triya Pant,Bettiah,2025-03-19
1364,Eta Bhardwaj,Raiganj,2023-11-14
1365,Amruta Gaba,Mehsana,2026-07-08
1366,Baghyawati Sidhu,Guntur,2025-01-29
1367,Dakshesh Varughese,Raiganj,2026-07-31
1368,Darpan Kala,Hajipur,2026-04-09
1369,Alka Dhawan,Hapur,2026-03-29
1370,Darsh Patil,Medininagar,2024-01-30
1371,Jason Raja,Kulti,2025-09-01
1372,Pushti Grewal,Latur,2024-06-06
1373,Balhaar Kannan,Chandigarh,2025-04-06
1374,Liam Dubey,Vijayanagaram,2025-11-02
1375,Harsh Tiwari,New Delhi,2024-11-22
1376,Anamika Sengupta,Satna,2026-04-10
1377,Vivaan Chokshi,Fatehpur,2026-02-23
1378,Manbir Bali,Jalgaon,2026-06-09
1379,Inaya Kala,Machilipatnam,2025-04-17
1380,Amrita Tripathi,Akola,2025-02-16
1381,Vivaan Krishnamurthy,Bangalore,2024-09-02
1382,Rehaan Konda,Nashik,2025-03-28
1383,Ekansh Bath,Kalyan-Dombivli,2025-12-03
1384,Warhi Randhawa,Gorakhpur,2025-03-14
1385,Wishi Kaul,Bijapur,2025-11-15
1386,Mahika Handa,Bhilwara,2026-04-08
1387,Janya Lall,Rohtak,2025-02-01
1388,Jackson Modi,Kolhapur,2023-12-20
1389,Siya Bera,Ambarnath,2024-09-01
1390,Peter Nazareth,Burhanpur,2024-05-17
1391,Oscar Shere,Kulti,2026-04-27
1392,Zarna Yadav,Latur,2025-12-31
1393,Anita Agate,Chennai,2024-10-22
1394,Ati Tata,Naihati,2024-09-28
1395,Faras Goda,Pallavaram,2025-03-09
1396,Amruta Barad,Jaipur,2025-07-28
1397,Ishani Sengupta,Kavali,2025-11-06
1398,Banjeet Bora,Thrissur,2025-06-25
1399,Raghav Muni,Aligarh,2025-10-02
1400,Ekavir Manda,Kochi,2024-09-07
1401,Sneha Edwin,Bally,2025-01-25
1402,Charles Gade,Kozhikode,2026-04-22
1403,Chanakya Narula,Bhiwandi,2025-03-15
1404,Meghana Luthra,Jodhpur,2025-07-10
1405,Aarna Radhakrishnan,Panvel,2026-01-03
1406,Yutika Bawa,Panihati,2024-10-30
1407,Leela Manne,Mathura,2026-03-06
1408,Gaurang Vig,Meerut,2023-11-26
1409,Umang Mannan,Saharanpur,2026-05-12
1410,Tamanna Balasubramanian,Ichalkaranji,2026-04-27
1411,Qabil Kanda,Agra,2025-09-20
1412,Netra Sahni,Madanapalle,2026-01-02
1413,Onveer Taneja,Kalyan-Dombivli,2025-07-02
1414,Vasudha Sen,Bharatpur,2026-04-03
1415,Gauri Reddy,Bidhannagar,2025-01-06
1416,Keya Dutta,Bulandshahr,2024-03-03
1417,Nihal Thaker,Tiruchirappalli,2024-11-13
1418,Devansh Nadkarni,Sagar,2025-03-21
1419,Jagrati Dara,Hospet,2024-04-14
1420,Kritika Butala,Navi Mumbai,2024-01-08
1421,Ronith Majumdar,Bhagalpur,2024-09-02
1422,Chanakya Loyal,Meerut,2024-06-19
1423,Upadhriti Dada,Kottayam,2024-02-26
1424,Mitesh Anand,Siliguri,2024-08-31
1425,Naveen Gade,Jaipur,2024-12-24
1426,Leena Agrawal,Sagar,2025-07-15
1427,Harshil Grover,Orai,2023-10-25
1428,Bishakha Gola,Shahjahanpur,2024-05-03
1429,Karan Borra,Nangloi Jat,2026-04-08
1430,Azad Palla,Loni,2025-02-14
1431,Nihal Dhillon,Jorhat,2024-05-03
1432,Falguni Datta,Vijayawada,2026-03-25
1433,Patrick Kant,Kharagpur,2023-08-22
1434,Jatin Banerjee,Sasaram,2023-09-19
1435,Omkaar Sarkar,Tadipatri,2026-04-13
1436,Shivani Kothari,Bharatpur,2023-12-01
1437,Pallavi Panchal,Dindigul,2024-01-30
1438,Neha Doctor,Sikar,2026-06-28
1439,Leena Patel,Bhubaneswar,2024-06-19
1440,Urvi Ramachandran,North Dumdum,2025-03-07
1441,Patrick Ramesh,Darbhanga,2026-04-27
1442,Ekta Thaker,Nashik,2025-01-12
1443,Fitan Soman,Sri Ganganagar,2024-10-13
1444,Teerth Garg,Loni,2024-09-04
1445,Gaurav Shukla,Hosur,2024-05-15
1446,Sathvik Sridhar,Hazaribagh,2024-09-13
1447,Gaurangi Borde,Bhiwani,2024-07-21
1448,Praneel Goswami,Dibrugarh,2024-02-25
1449,Dhruv Palla,Ulhasnagar,2024-03-24
1450,Bimala Sharma,Ambattur,2025-10-23
1451,Bhanumati Devan,Dharmavaram,2025-09-25
1452,Neelima Iyengar,Satna,2025-11-20
1453,Rachana Dhaliwal,Purnia,2025-03-19
1454,Lakshmi Magar,Siwan,2026-07-16
1455,Yasti Ben,Coimbatore,2026-03-17
1456,Wyatt Bera,Jabalpur,2023-10-10
1457,Rajeshri Nigam,Adoni,2025-03-13
1458,Avi Barad,Patna,2025-09-13
1459,Advika Deol,Hospet,2026-02-07
1460,Nirja Babu,Aurangabad,2023-10-06
1461,Jai Hegde,Bhubaneswar,2025-12-28
1462,Devika Varma,Jehanabad,2023-09-14
1463,Onveer Mallick,Jabalpur,2025-07-22
1464,Oviya Sura,Kulti,2026-03-19
1465,Zinal Chakrabarti,Sambhal,2023-12-01
1466,Omkaar Bajaj,Hajipur,2023-11-22
1467,Yahvi Lad,Srinagar,2025-05-16
1468,Advaith Sharaf,Belgaum,2024-03-25
1469,Ira Bassi,Jorhat,2024-03-16
1470,Damini Pradhan,Tiruppur,2026-02-17
1471,Mason Sen,Korba,2025-12-26
1472,Anya Goda,Pondicherry,2024-10-24
1473,Hemani Malhotra,Ambala,2024-09-30
1474,Samaksh Naik,Gaya,2026-02-18
1475,Indrajit Mohanty,Yamunanagar,2023-10-02
1476,Inaya Palla,Madhyamgram,2024-10-10
1477,Kiaan Narang,Davanagere,2024-06-08
1478,Vaishnavi Lad,Bhiwani,2025-08-21
1479,Imaran Bahl,Shimla,2026-07-08
1480,Isha Gupta,Nellore,2023-11-26
1481,Yug Lata,Secunderabad,2026-04-27
1482,Tara Rout,Visakhapatnam,2025-06-02
1483,Vritti Mammen,Sri Ganganagar,2024-10-19
1484,Pushti Acharya,Bhimavaram,2025-06-06
1485,Chaitanya Nayar,Jamshedpur,2024-08-19
1486,Abhimanyu Ramanathan,Raebareli,2025-12-09
1487,Faraj Ganesh,Rampur,2023-10-07
1488,Qushi Raman,Panipat,2024-12-29
1489,Yashoda Master,Jamnagar,2024-04-16
1490,Kavya Chandra,Kirari Suleman Nagar,2023-12-29
1491,Banjeet Sur,Davanagere,2024-08-29
1492,Atharv Bhatnagar,Deoghar,2023-12-04
1493,Garima Dora,Nashik,2026-08-03
1494,Noah Randhawa,Kulti,2024-05-30
1495,Fariq Mangat,Alwar,2026-04-25
1496,Mugdha Chokshi,Panipat,2026-03-14
1497,Ekanta Tank,Bhiwani,2025-03-14
1498,Lopa Choudhury,Raiganj,2024-06-19
1499,Yauvani Ravi,Navi Mumbai,2024-04-11
1500,Vansha Lala,Agra,2024-01-02
1501,Urishilla Agarwal,Tezpur,2024-10-20
1502,Garima Vora,Tirupati,2025-10-27
1503,Sachi Chandra,Singrauli,2024-09-22
1504,Viraj Lala,Tumkur,2024-06-22
1505,Nikita Bajwa,Faridabad,2025-12-01
1506,Reyansh Gaba,Sangli-Miraj & Kupwad,2024-10-17
1507,Kala Keer,Purnia,2023-12-27
1508,Harsh Chawla,Chandigarh,2025-11-08
1509,Hamsini Mistry,Kadapa,2024-10-31
1510,Theodore Kamdar,Moradabad,2025-11-08
1511,Quincy Kunda,Bihar Sharif,2025-08-12
1512,Nidra Zacharia,Nandyal,2024-02-27
1513,Shivani Saxena,Secunderabad,2024-12-21
1514,Rudra Bava,Mysore,2023-11-01
1515,Jai Comar,Sonipat,2025-11-10
1516,Kashish Jaggi,Gorakhpur,2026-04-20
1517,Warjas Comar,Kakinada,2025-07-13
1518,Vritti Mahajan,Etawah,2025-10-28
1519,Aadhya Shah,Bahraich,2026-03-22
1520,Rachit Grover,Motihari,2026-02-25
1521,Kamala Sant,Etawah,2025-02-04
1522,Ansh Pandya,Ozhukarai,2024-07-30
1523,Wakeeta Nazareth,Buxar,2024-08-19
1524,Ranbir Bala,Pondicherry,2023-09-24
1525,Neelima Bose,Bhubaneswar,2026-07-21
1526,Harinakshi Mangat,Kishanganj,2026-03-27
1527,Mugdha Wable,New Delhi,2025-06-25
1528,Nitara Chakraborty,Begusarai,2024-09-11
1529,Janani Chopra,Ulhasnagar,2026-02-24
1530,Rachita Memon,Jalna,2026-05-09
1531,Rayaan Menon,Bathinda,2026-02-20
1532,Qadim Parmer,Ramagundam,2025-08-10
1533,Bhavna Trivedi,Barasat,2025-07-01
1534,Saanvi Shan,Alappuzha,2026-05-04
1535,Krishna Parsa,Mehsana,2024-06-22
1536,Hamsini Samra,Navi Mumbai,2025-01-11
1537,Onkar Andra,Gorakhpur,2024-06-04
1538,Dipta Swaminathan,Mirzapur,2025-03-02
1539,Radha Goda,Fatehpur,2026-06-03
1540,Indrajit Som,Panchkula,2024-08-20
1541,Warda Bhakta,Dehradun,2024-08-21
1542,Aarini Koshy,Meerut,2025-05-09
1543,Jyoti Chaudry,Thane,2024-03-10
1544,Ubika Cherian,Jorhat,2025-09-20
1545,Aarna Dash,Arrah,2024-10-29
1546,Charan Raval,Kalyan-Dombivli,2024-12-09
1547,Upkaar Puri,Madurai,2024-02-02
1548,Chakradev Mitra,Mehsana,2023-09-01
1549,Advaith Dugar,Aizawl,2024-01-22
1550,Garima Ganesan,Phagwara,2023-09-17
1551,Ojasvi Dhillon,Guntakal,2024-12-28
1552,Charvi Bahri,Mau,2026-05-19
1553,Hredhaan Bhakta,Sultan Pur Majra,2026-04-22
1554,Chanakya Zacharia,Proddatur,2024-05-22
1555,Orinder Chacko,Patna,2024-10-11
1556,Irya Narula,Ahmednagar,2025-04-24
1557,Radhika Chaudhry,Ambarnath,2025-09-17
1558,Ria Divan,Nashik,2026-07-25
1559,Kritika Grewal,Kolkata,2024-11-23
1560,Simon Tiwari,Vasai-Virar,2025-07-15
1561,Osha More,Arrah,2026-04-28
1562,Jason Sabharwal,Dewas,2024-04-01
1563,Andrew Goswami,Sultan Pur Majra,2026-04-02
1564,Ubika Wali,Bokaro,2024-01-03
1565,Prisha Rao,Haldia,2026-02-16
1566,Zaid Iyer,Bally,2025-03-06
1567,Amol Rastogi,Madanapalle,2026-01-17
1568,Rehaan Rege,Bathinda,2024-07-19
1569,Vrishti Manda,Dhanbad,2024-01-16
1570,Samar Cheema,Bettiah,2025-05-29
1571,Matthew Dash,Nagaon,2025-07-20
1572,Ikbal Sridhar,Kamarhati,2025-05-03
1573,Hemang Prabhu,Bhilwara,2023-11-24
1574,Vasudha Mistry,Chapra,2024-04-24
1575,Ira Virk,Morena,2025-06-30
1576,Lakshit Ramanathan,Sonipat,2026-06-05
1577,Ekansh Sarna,Bhavnagar,2024-12-28
1578,Ayush Sachdeva,Rampur,2024-04-15
1579,Panini Nagarajan,Panvel,2025-04-15
1580,Kavya Mane,Hindupur,2025-07-29
1581,Oeshi Kapur,Guna,2024-07-02
1582,Vasatika Mistry,Dehri,2024-02-22
1583,Pratyush Kota,Nellore,2024-07-10
1584,Advaith Sundaram,Sonipat,2024-02-06
1585,Jacob Mody,Bardhaman,2025-05-23
1586,Abeer Rout,Berhampore,2026-02-28
1587,Finn Bail,Tumkur,2026-07-14
1588,Abhiram Verma,Kolkata,2025-03-26
1589,Chandani Kar,Pimpri-Chinchwad,2025-09-29
1590,Tripti Subramanian,Shivpuri,2024-02-21
1591,Rachit Raj,Mehsana,2023-08-21
1592,Zilmil Pandya,Moradabad,2026-05-14
1593,Girindra Rajan,Haldia,2025-08-29
1594,Pranav Patel,Mehsana,2024-07-27
1595,Balendra Hans,Bangalore,2023-11-24
1596,Mohini Nair,Hapur,2024-02-16
1597,Vanya Hans,Ulhasnagar,2024-12-09
1598,Vivaan Bansal,Sangli-Miraj & Kupwad,2025-03-25
1599,Nitara Dubey,Dindigul,2025-05-24
1600,Watika Chaudhuri,Bongaigaon,2026-06-16
1601,Ryan Basak,Nizamabad,2024-07-16
1602,Triya Shetty,Ambala,2025-09-25
1603,Dakshesh Chaudhry,Bhavnagar,2026-06-09
1604,Theodore Thaker,Bidar,2024-08-29
1605,Yagnesh Gara,Tezpur,2026-06-08
1606,Madhav Dutta,Uluberia,2024-04-11
1607,Viraj Varughese,Ludhiana,2024-08-03
1608,Chatresh Sunder,Bhilwara,2024-01-24
1609,Devika Bhatia,Begusarai,2024-06-10
1610,Rushil Master,Berhampore,2025-08-29
1611,Yashawini Natarajan,Katihar,2024-05-08
1612,Chaman Bandi,Sangli-Miraj & Kupwad,2025-03-19
1613,Zilmil Chaudhari,Maheshtala,2024-11-22
1614,Jack Mall,Kulti,2024-10-21
1615,Manya Kaul,Bellary,2024-09-10
1616,Samarth Chana,Morbi,2024-04-12
1617,Jagat Kashyap,Agartala,2026-07-27
1618,Xiti Lata,Surendranagar Dudhrej,2024-06-20
1619,Damyanti Subramaniam,Tumkur,2024-09-19
1620,Balhaar Bath,Mango,2026-03-01
1621,Devika Bose,Rajahmundry,2026-06-19
1622,Yagnesh Bahri,Chinsurah,2023-12-03
1623,Tejas Merchant,Sirsa,2026-05-06
1624,Ishaan Karpe,Bhatpara,2026-05-04
1625,Janaki Bassi,Jamalpur,2025-12-02
1626,Gaurika Gade,Hubli–Dharwad,2026-02-09
1627,Shravya Kulkarni,Coimbatore,2024-03-14
1628,Neel Garg,Pallavaram,2025-08-16
1629,Maya Sharma,Deoghar,2024-08-02
1630,Aadi Jani,Rajkot,2023-10-08
1631,Nicholas Bajwa,Khora ,2025-01-23
1632,George Dora,Deoghar,2024-08-27
1633,Tanay Vora,Uluberia,2024-06-24
1634,Krish Parikh,Ramagundam,2026-04-05
1635,Jeevika Chadha,Durg,2024-02-16
1636,Nimrat Chacko,Hosur,2025-07-27
1637,Chasmum Divan,Bardhaman,2023-10-11
1638,Widisha Dugar,Ahmedabad,2025-05-06
1639,Yoshita Sehgal,Guwahati,2025-05-07
1640,Bhavika Sandhu,Naihati,2024-06-13
1641,Chasmum Sarin,Tezpur,2024-05-09
1642,Tristan Batra,Sambalpur,2025-03-20
1643,Vrinda Aurora,Latur,2026-01-22
1644,Vedant Sharma,Anantapuram,2024-01-22
1645,Ayush Dayal,Kurnool,2026-05-21
1646,Champak Rastogi,Amroha,2025-12-23
1647,Umang Halder,Bhatpara,2025-07-01
1648,Yadavi Chowdhury,Baranagar,2025-10-23
1649,Raagini Apte,Gwalior,2024-11-12
1650,Zilmil Vora,Nellore,2024-06-09
1651,Harita Chana,Rampur,2025-06-02
1652,Ikshita Shanker,Meerut,2023-12-04
1653,Kabir Chadha,Pudukkottai,2024-08-27
1654,Ronith Nigam,Bidar,2026-08-04
1655,Amol Sampath,Mumbai,2024-05-14
1656,Timothy Hegde,Aurangabad,2026-05-02
1657,Urvi Srinivasan,Sambalpur,2025-07-16
1658,Meera Sur,Bhind,2024-08-01
1659,Aarush Chander,Berhampore,2026-04-06
1660,Dominic Sahota,Rajahmundry,2025-07-20
1661,Gopal Pradhan,Kalyan-Dombivli,2024-07-22
1662,Netra Zachariah,Panipat,2025-12-21
1663,Advik Bali,Imphal,2025-06-15
1664,Avni Palla,New Delhi,2025-08-13
1665,Lila Sathe,Khora ,2026-06-14
1666,Chakradev Mitra,Farrukhabad,2024-03-26
1667,Yatin Subramanian,Berhampore,2024-09-27
1668,Yash Karnik,Khandwa,2026-06-13
1669,Ira Roy,Ramagundam,2024-03-08
1670,Anthony Mittal,Jabalpur,2025-09-08
1671,Vedhika Shetty,Bhagalpur,2024-07-14
1672,Maya Ravi,Vellore,2024-04-12
1673,Arunima Badal,Bhiwandi,2024-02-20
1674,Bhavini Korpal,Bhagalpur,2025-09-18
1675,Ekaja Wable,Nangloi Jat,2024-05-07
1676,Chandran Thakur,Kolhapur,2024-07-30
1677,Anvi Thakkar,Mau,2023-09-01
1678,Wazir Dave,Aurangabad,2024-03-23
1679,Tanish Devan,Gandhidham,2023-11-25
1680,Lopa Padmanabhan,Orai,2025-01-29
1681,Ekanta Magar,Bijapur,2026-04-07
1682,Jason Manda,Ratlam,2023-09-19
1683,Ganga Goyal,Barasat,2024-06-04
1684,Harini Dubey,Mau,2024-11-05
1685,Dalbir Vasa,Morena,2025-01-02
1686,Irya Rau,Gorakhpur,2024-02-21
1687,Aarush Thakkar,Miryalaguda,2026-06-14
1688,Lopa Mittal,Medininagar,2024-12-23
1689,Naksh Agarwal,Surendranagar Dudhrej,2025-07-11
1690,Samuel Shetty,Panihati,2025-11-21
1691,Girik Naik,Panihati,2026-02-09
1692,Bhavini Tata,Akola,2024-04-05
1693,Ikbal Sachar,Raipur,2026-07-13
1694,Girik Dash,Nadiad,2025-12-28
1695,Daniel Pal,Aurangabad,2024-01-16
1696,Dipta Bhagat,Jamalpur,2024-08-19
1697,Azad Tara,Ahmedabad,2026-01-23
1698,Zashil Devan,Rourkela,2024-12-14
1699,Onkar Shanker,Kakinada,2025-07-12
1700,Gayathri Ramanathan,Rourkela,2025-07-05
1701,Gagan Kibe,Kirari Suleman Nagar,2026-04-20
1702,Radhika Borde,Nellore,2024-06-07
1703,Darpan Luthra,Jhansi,2025-09-13
1704,Shravya Bail,Jaipur,2025-01-27
1705,Manya Nadkarni,Tadepalligudem,2025-03-04
1706,Oni Gade,Eluru,2025-03-11
1707,Ikshita Sani,Hyderabad,2023-08-25
1708,Neelima Mitra,Dehradun,2025-06-22
1709,Megha Mitter,Srikakulam,2026-05-01
1710,Vihaan Savant,Gurgaon,2023-08-21
1711,Lavanya Jaggi,Durg,2024-06-17
1712,Ayush Bhardwaj,Jalandhar,2024-01-02
1713,Xalak Yadav,Nanded,2024-09-13
1714,Panini Ganesan,Aurangabad,2024-09-28
1715,Vedhika Modi,Kolkata,2025-08-30
1716,Yatin Bath,Ambala,2025-10-27
1717,Naveen Edwin,Bijapur,2025-11-18
1718,Urvi Korpal,Katni,2026-03-01
1719,Vedhika Warrior,Pudukkottai,2023-10-13
1720,Pushti Boase,Barasat,2025-04-18
1721,Ekaraj Patla,Varanasi,2023-09-02
1722,Forum Bhardwaj,Gangtok,2024-09-17
1723,Vyanjana Walla,Ahmednagar,2026-05-31
1724,Bachittar Naidu,Hazaribagh,2025-03-23
1725,Krishna Manda,Burhanpur,2025-07-04
1726,Mekhala Nanda,Agartala,2025-02-09
1727,Yagnesh Pandey,Durgapur,2026-05-17
1728,Fitan Behl,Baranagar,2025-06-14
1729,Warinder Lall,Madurai,2025-08-21
1730,Robert Kala,Bardhaman,2025-06-04
1731,Hitesh Bhalla,Arrah,2024-07-18
1732,Pooja Desai,Korba,2025-04-05
1733,Zehaan Panchal,Ghaziabad,2024-03-01
1734,Vedika Natt,Saharsa,2026-02-14
1735,Yamini Shah,Jehanabad,2026-02-12
1736,Kiaan Tailor,Rampur,2024-09-18
1737,Pranit Modi,Fatehpur,2025-05-21
1738,Hritik Ramakrishnan,Maheshtala,2025-01-06
1739,Bhanumati Mallick,Bhilwara,2024-05-20
1740,Veer Sachdeva,Solapur,2026-02-26
1741,Libni Deshpande,Arrah,2023-10-12
1742,Girindra Garde,Ongole,2025-11-18
1743,Devika Tak,Loni,2024-11-06
1744,Joshua Purohit,Medininagar,2025-08-14
1745,Yashodhara Sodhi,Satna,2024-07-22
1746,Ikbal Suresh,Sirsa,2024-01-16
1747,Amara Bora,Phusro,2024-02-03
1748,Faras Divan,Kolkata,2024-12-30
1749,Ekalinga Natt,Amaravati,2024-08-06
1750,Manbir Chaudhuri,Cuttack,2024-08-12
1751,Warda Behl,Ambarnath,2024-12-16
1752,Vrishti Pai,Ballia,2024-08-24
1753,William Pathak,Gwalior,2023-11-24
1754,Isaiah Zacharia,Naihati,2025-03-23
1755,Irya Bhatnagar,Gorakhpur,2026-01-05
1756,Tejas Padmanabhan,Haridwar,2025-02-27
1757,Ekaja Dani,Serampore,2026-06-16
1758,Bimala Aggarwal,Farrukhabad,2026-05-05
1759,Nicholas Randhawa,Pali,2025-04-04
1760,Utkarsh Bali,Thrissur,2024-05-29
1761,Yagnesh Choudhury,Nangloi Jat,2024-12-16
1762,Aahana Das,Machilipatnam,2026-04-24
1763,Isha Maharaj,Malegaon,2023-10-27
1764,Harinakshi Kapadia,Mehsana,2025-01-29
1765,Leena Bajaj,Allahabad,2026-06-11
1766,Raagini Som,Tadipatri,2024-01-27
1767,Divya Rajan,Katihar,2025-10-01
1768,Nathaniel Sarma,Bokaro,2025-07-20
1769,Kala Bail,Srinagar,2026-04-21
1770,Dakshesh Karan,Aizawl,2024-06-08
1771,Logan Varghese,Thrissur,2026-02-01
1772,Owen Buch,Morbi,2024-02-07
1773,Ikshita Dave,Nagercoil,2026-01-09
1774,Eshana Oak,Kharagpur,2025-04-19
1775,Tarak Bhatia,Rohtak,2024-06-13
1776,Ira Peri,Tiruchirappalli,2023-11-02
1777,Krishna Kade,Karawal Nagar,2026-02-22
1778,Tejas Sarma,Dibrugarh,2025-01-21
1779,Jasmit Tak,Tirunelveli,2025-10-27
1780,Zilmil Aurora,Bhusawal,2026-01-17
1781,Saumya Vohra,Mehsana,2024-08-13
1782,Guneet Narula,South Dumdum,2025-08-22
1783,Ishita Khare,Yamunanagar,2026-06-24
1784,Hritik Bhat,Gwalior,2026-04-10
1785,Ganga Manda,Sagar,2024-07-27
1786,Hemangini Goda,Medininagar,2025-07-11
1787,Unnati Pau,Bihar Sharif,2024-02-05
1788,Janya Patla,Rajkot,2025-08-14
1789,Ekani Lad,Ambarnath,2025-12-24
1790,Laksh Swamy,Imphal,2025-11-22
1791,Vedhika Dewan,Chennai,2025-03-15
1792,Nicholas Gola,Sri Ganganagar,2023-11-04
1793,Mohammed Jha,Siwan,2025-12-15
1794,Andrew Raval,Bharatpur,2025-04-08
1795,Balveer Gupta,Bharatpur,2023-11-25
1796,George Vohra,Hapur,2024-06-19
1797,Vedant Sethi,Chandigarh,2024-05-01
1798,Yashodhara Saxena,Kurnool,2023-09-18
1799,Tanish Som,Bardhaman,2025-04-09
1800,Aarush Kala,Warangal,2026-07-27
1801,Alexander Madan,Navi Mumbai,2025-10-01
1802,Netra Pal,Chapra,2024-07-16
1803,Warhi Dhar,Singrauli,2024-09-24
1804,Gaurang Manne,Jalandhar,2025-07-04
1805,Rushil Datta,Hapur,2025-01-30
1806,Frado Buch,Rajpur Sonarpur,2025-01-26
1807,Lila Kapur,Kollam,2025-07-23
1808,Yamini Sankar,Chinsurah,2024-06-18
1809,Nakul Hayer,Khammam,2026-06-28
1810,Megha Atwal,Fatehpur,2024-08-17
1811,Harrison Chopra,Navi Mumbai,2024-08-17
1812,Nirja Prabhu,Jalandhar,2025-10-08
1813,Azad Vora,Maheshtala,2025-01-14
1814,Tejas Puri,Kirari Suleman Nagar,2025-10-31
1815,Teerth Sankar,Gurgaon,2025-03-11
1816,David Brahmbhatt,Kumbakonam,2023-09-02
1817,Sai Basu,Gandhidham,2024-01-04
1818,Adya Pandya,Mirzapur,2025-07-22
1819,Wridesh Thakkar,Rajkot,2025-05-01
1820,Vihaan Balakrishnan,Kirari Suleman Nagar,2024-07-21
1821,Balhaar Keer,Jamshedpur,2025-02-13
1822,Luke Ramesh,Guna,2025-08-25
1823,Gavin Dhawan,Panihati,2026-02-23
1824,Krishna Nayar,Panipat,2024-05-22
1825,Aarav Bava,Aizawl,2026-04-30
1826,Lakshmi Mann,Ratlam,2026-06-26
1827,Falguni Chana,Bhilai,2026-05-05
1828,Jalsa Hans,Varanasi,2024-12-02
1829,Chandani Barad,Ongole,2024-11-22
1830,Eshana Chopra,Chapra,2025-10-07
1831,Arin Chhabra,Pune,2026-04-26
1832,Nakul Srinivas,Jamnagar,2023-10-05
1833,Jeet Sarkar,Panchkula,2024-01-21
1834,Ranbir Krishnan,Thrissur,2024-11-09
1835,Girik Rastogi,Kota,2024-10-29
1836,Priya Natt,Khammam,2026-01-19
1837,Ekavir Sibal,Buxar,2026-05-10
1838,Vedika Sahota,Rajpur Sonarpur,2023-08-31
1839,Azad Chaudry,Rajahmundry,2024-05-01
1840,Harshil Tripathi,Nagpur,2024-03-12
1841,Balveer Sura,Kolhapur,2026-03-01
1842,Kiaan Dua,Kumbakonam,2024-03-14
1843,Raksha Lad,Alappuzha,2025-01-02
1844,Damyanti Rana,Mango,2026-01-25
1845,Omaja Trivedi,Madanapalle,2024-07-06
1846,Anya Karpe,Ludhiana,2026-06-21
1847,Oliver Borra,Surendranagar Dudhrej,2024-04-09
1848,Niharika Oza,Aurangabad,2026-07-01
1849,Yoshita Varughese,Amritsar,2023-12-03
1850,Benjamin Borah,Etawah,2024-03-16
1851,Eshana Issac,Serampore,2024-01-12
1852,Theodore Vaidya,Tezpur,2025-09-28
1853,Bhavna Nayak,Mathura,2023-09-27
1854,Thomas Sane,Asansol,2025-11-07
1855,Dhruv Biswas,Hyderabad,2024-11-11
1856,Janaki Bhakta,Visakhapatnam,2023-09-24
1857,Mekhala Rout,Jaunpur,2024-08-06
1858,Damyanti Soman,Nagpur,2026-04-05
1859,Ekta Bajwa,Raiganj,2025-08-02
1860,David Mittal,Dhule,2023-11-01
1861,Xavier Uppal,Darbhanga,2024-06-14
1862,Warjas Oommen,Parbhani,2024-09-13
1863,Wriddhish Thakur,Panipat,2025-12-30
1864,Laksh More,Durgapur,2025-09-09
1865,Chanakya Desai,Bally,2026-03-11
1866,Falak Panchal,Morbi,2023-10-26
1867,Bahadurjit Sura,Nandyal,2024-03-13
1868,Ayush Prakash,Unnao,2026-01-10
1869,Ekbal Anne,Karnal,2024-02-16
1870,Ira Mishra,Bikaner,2026-05-26
1871,Ijaya Devi,Haridwar,2025-05-01
1872,Indrajit Kari,Arrah,2023-11-10
1873,Jagvi Srinivasan,Vijayanagaram,2023-10-30
1874,Rayaan Devan,Ratlam,2025-01-03
1875,Warda Sampath,Parbhani,2024-01-13
1876,Jeremiah Raman,Aurangabad,2025-11-29
1877,Rishi Lala,Warangal,2025-02-11
1878,Oeshi Rajagopalan,Bhatpara,2024-10-07
1879,Deepa Choudhary,Allahabad,2023-11-01
1880,Qadim Brahmbhatt,Hubli–Dharwad,2025-09-14
1881,Ladli Ratti,Bijapur,2026-04-25
1882,Sanaya Pant,Hospet,2025-07-10
1883,Gaurang Goel,Tenali,2024-01-25
1884,Amara Dutta,Kottayam,2024-03-17
1885,Darsh Prashad,Malda,2023-11-22
1886,Anay Vala,Amravati,2026-03-16
1887,Panini Narain,Bangalore,2024-11-15
1888,Charvi Deo,Saharsa,2025-10-06
1889,Garima Toor,Jehanabad,2023-09-22
1890,Krishna Maharaj,Ambarnath,2024-09-11
1891,Ethan Zacharia,Rewa,2023-08-14
1892,Parth Borah,Latur,2025-01-13
1893,Praneel Merchant,Sagar,2025-03-07
1894,Zaitra Patla,Bidar,2025-05-05
1895,Yashica Sarma,Hajipur,2025-12-02
1896,Raagini Hora,Raipur,2024-01-13
1897,Advik Sani,Chittoor,2024-12-15
1898,Aarna Deshpande,Eluru,2025-08-04
1899,Vrinda Bumb,Vellore,2023-12-14
1900,Elijah Sampath,Dewas,2023-10-27
1901,Anya Bala,Malegaon,2024-02-02
1902,Nitara Nanda,Mira-Bhayandar,2023-10-06
1903,Vincent Dubey,Jaunpur,2025-11-14
1904,Anya Bera,North Dumdum,2025-03-06
1905,Pallavi Singh,Bhubaneswar,2026-02-26
1906,Dipta Apte,Kottayam,2024-05-23
1907,Zansi Murty,Farrukhabad,2026-07-30
1908,Kiaan Anne,Tezpur,2023-11-09
1909,Ladli Rana,Ambattur,2024-12-13
1910,Vyanjana Dugar,Gandhinagar,2025-10-07
1911,Qarin Joshi,Raipur,2025-09-09
1912,Charan Lal,Jamalpur,2026-05-17
1913,Chaman Sachdev,Tiruppur,2023-08-27
1914,Bhavini Mallick,Surendranagar Dudhrej,2026-08-03
1915,Andrew Bajwa,Kozhikode,2026-07-31
1916,Yatan Deo,Medininagar,2024-02-17
1917,Chaman Kamdar,South Dumdum,2025-04-18
1918,Irya Ghose,Bhusawal,2024-03-16
1919,Sarthak Tata,Amaravati,2024-08-02
1920,Jagat Tank,Jamalpur,2024-03-23
1921,Qabil Chahal,Eluru,2024-11-20
1922,Manya Ben,Mangalore,2025-11-05
1923,Yadavi Vyas,Asansol,2024-03-30
1924,Pranit Shanker,Chandrapur,2023-09-08
1925,Ojas Kant,Satna,2024-09-06
1926,Laban Sengupta,Ludhiana,2025-08-13
1927,Abhimanyu Chaudhary,Bulandshahr,2025-08-22
1928,Faqid Ganguly,Tenali,2024-10-08
1929,Kashvi Chauhan,Pali,2024-12-09
1930,Vasatika Wali,Navi Mumbai,2025-12-09
1931,Madhavi Borah,Agra,2025-06-27
1932,Chavvi Tak,Shivpuri,2025-08-05
1933,Hema Krishnan,Malda,2026-02-19
1934,Oliver Yogi,Hindupur,2025-07-18
1935,Azad Koshy,Gurgaon,2026-03-18
1936,Udarsh Morar,Thane,2025-02-08
1937,Amruta Vasa,Dhule,2025-12-02
1938,Yash Pathak,Mangalore,2023-09-30
1939,Aarav Dara,Yamunanagar,2024-05-12
1940,Arin Anand,Sultan Pur Majra,2024-10-25
1941,Irya Kota,Bidhannagar,2024-03-24
1942,Chaitaly Bath,Raipur,2024-02-14
1943,Jagvi Soni,Bhiwani,2023-11-15
1944,Sara Kalla,Meerut,2025-05-31
1945,Urmi Bala,Rampur,2024-10-31
1946,Abhimanyu Radhakrishnan,Berhampore,2024-07-28
1947,Qushi Mangal,Tumkur,2024-07-31
1948,Ekbal Hegde,Thrissur,2023-11-14
1949,Teerth Muni,Bangalore,2024-01-30
1950,Yatan Hans,Mira-Bhayandar,2025-03-05
1951,Yagnesh Sandal,Nellore,2023-11-10
1952,Amaira Seshadri,Bahraich,2025-12-21
1953,Odika Madan,Bikaner,2023-09-04
1954,Lucky Sule,Kochi,2025-08-17
1955,Balvan Parmar,Jaunpur,2025-01-28
1956,Kritika Raju,Maheshtala,2025-01-17
1957,Advik Bail,Maheshtala,2024-07-27
1958,Idika Pai,Bharatpur,2026-06-21
1959,Onveer Raj,Kollam,2023-10-27
1960,Fitan Narayanan,Hindupur,2026-07-24
1961,Bhavika Din,Rajahmundry,2024-09-30
1962,Hemani Rege,Anantapur,2025-01-27
1963,Ijaya Mannan,Hosur,2024-05-27
1964,Osha Butala,Rajkot,2026-01-29
1965,Onveer Basu,Kavali,2026-07-17
1966,Lila Master,Arrah,2024-12-02
1967,Gaurav Bhalla,Gwalior,2023-08-15
1968,Veda Sawhney,Rajkot,2024-08-02
1969,Simon Cherian,South Dumdum,2024-03-18
1970,Fitan Batta,Lucknow,2024-09-25
1971,Radhika Contractor,Kalyan-Dombivli,2026-04-10
1972,Anamika Sahota,Jammu,2023-12-03
1973,Abha Das,Bhopal,2025-05-29
1974,Mohammed Borra,Kottayam,2026-04-16
1975,Keya Lanka,Machilipatnam,2025-11-30
1976,Laksh Bhatia,Morbi,2024-04-22
1977,Megha Nath,Udaipur,2026-02-28
1978,Lipika Bose,Bongaigaon,2023-10-25
1979,Dev Shan,Sonipat,2024-07-26
1980,Ethan Walia,Gopalpur,2025-01-20
1981,Hredhaan Parmar,Chittoor,2023-12-31
1982,Anita Gola,Warangal,2024-10-24
1983,Keya Agate,Sasaram,2023-12-25
1984,Samar Edwin,Dharmavaram,2026-03-06
1985,Manya Modi,Tenali,2024-10-23
1986,Ladli Malhotra,Tiruppur,2025-02-19
1987,Aayush Bora,Madhyamgram,2026-07-19
1988,Chandran Prasad,Sri Ganganagar,2024-02-28
1989,Gaurav Chokshi,Bhusawal,2026-03-29
1990,Chandani Datta,Singrauli,2024-09-19
1991,Yauvani Soni,Khora ,2023-08-21
1992,Kala Dewan,Mango,2023-08-17
1993,Ekaja Sankaran,Thane,2023-12-24
1994,Yadavi Manda,Karimnagar,2024-01-17
1995,Saumya Chowdhury,Bidar,2024-02-20
1996,Samuel Anne,Fatehpur,2024-10-06
1997,Geetika Lala,Machilipatnam,2023-09-23
1998,Abhimanyu Seth,Bilaspur,2024-08-05
1999,Lajita Chand,Ballia,2025-11-26
2000,Sai Ramesh,Bilaspur,2025-04-09
